"","DisplayName","canon"
"1","Samir",2
"2","Guy",1
"3","metal-gear-solid",1
"4","Kirk Broadhurst",1
"5","sandImage",1
"6","Koobz",1
"7","sam",1
"8","konradowy",1
"9","Mohamed Elshebiny",1
"10","Baczek",1
"11","maz",1
"12","Newbie",1
"13","ysap",3
"14","halloleo",2
"15","AndyML",1
"16","Venkatesh",1
"17","damned truths",1
"18","TeXter",2
"19","Chuckles",1
"20","sunil",1
"21","Cynthia",2
"22","BillN",1
"23","Saurabh Kumar",2
"24","Rob Taylor",1
"25","Ben",1
"26","Anoop",1
"27","Alexander Ho",1
"28","Vinayak Kolagi",1
"29","Awk34",1
"30","anish",3
"31","sodhancha",1
"32","prashant",1
"33","Helen",1
"34","Angkor Wat",1
"35","Nitin Kumar",1
"36","Sachin",1
"37","Shahjalal",1
"38","Lera shumeiko",1
"39","Tom Wright",1
"40","B6431",1
"41","Bill",4
"42","John Rudy",1
"43","Estevan Montoya",1
"44","Arkanon",1
"45","Don",1
"46","Dave",1
"47","Jakub Kaleta",1
"48","Bill Connor",1
"49","lindon fox",1
"50","che",1
"51","npcoder",1
"52","myhd",1
"53","Kozlov",1
"54","Darklantern",1
"55","jrsprang",1
"56","WireGuy",1
"57","Nirmal",1
"58","GoodSp33d",1
"59","Kesarion",1
"60","lawphotog",4
"61","ddm",2
"62","Nate-Wilkins",1
"63","Toby Seers",2
"64","Michael Nielsen",1
"65","Jack",1
"66","rompetroll",1
"67","Ana Crippa",1
"68","Omne",1
"69","auujay",1
"70","Gaurav Soni",1
"71","Nicky G",1
"72","Shrikant Khadilkar",1
"73","SumanSaidu",1
"74","Abhinav",3
"75","TSGames",2
"76","Dennis",4
"77","cm49",1
"78","MOTIVECODEX",2
"79","Roflo",1
"80","Les",1
"81","artfulrobot",1
"82","Jeff",1
"83","Vicky",1
"84","Jerry Anderson",1
"85","intoTHEwild",3
"86","jeff porter",1
"87","Adam Davis",1
"88","jrista",3
"89","Alexander St",1
"90","igorp1024",2
"91","Chinmay Kanchi",2
"92","Hamish Downer",2
"93","Raghunandan",1
"94","Christian",1
"95","Dejo",1
"96","user13074",1
"97","BartoNaz",1
"98","Amit Kumar Gupta",1
"99","editor",1
"100","Scott Ferguson",1
"101","Vesta",1
"102","Segar",1
"103","Bill",1
"104","Evan Pak",4
"105","Flowers",2
"106","Chuck C.",1
"107","Francisco",1
"108","Jack smith",1
"109","chris",1
"110","Jordan Ball",1
"111","Saikat",1
"112","Deepak",1
"113","gsharp",1
"114","andrus108",1
"115","Joshua Frank",1
"116","Anne",1
"117","aaaidan",1
"118","graeme mccallum",1
"119","flatcap",1
"120","Nathan W",1
"121","Gregor Müllegger",2
"122","Adam Franco",1
"123","Aneeq Tariq",1
"124","Till Ulen",1
"125","BrianH",1
"126","roman",1
"127","erotsppa",1
"128","sov",1
"129","Panjiyar Rahul",1
"130","user763554",1
"131","Daniel O",1
"132","jacob",1
"133","Jørgen",1
"134","Eric",3
"135","ego_",1
"136","Jacob Schoen",1
"137","Justin",1
"138","Nelu",1
"139","PatrickM",1
"140","manish",1
"141","armen",2
"142","John Robinson",1
"143","Seth",4
"144","NULLZ",6
"145","Jeeby",3
"146","Alfred Myers",3
"147","CodeToGlory",5
"148","Rish",3
"149","snostorm",1
"150","fbrereto",1
"151","moonshadow",1
"152","MalloryDawn",1
"153","Max C",2
"154","Emmel",2
"155","apmccoy",1
"156","gray",1
"157","ChrisFletcher",1
"158","Christopher Chipps",1
"159","Michael C",2
"160","vico",2
"161","Vinod Paul",1
"162","Luciano",1
"163","Kermit",1
"164","Oddthinking",1
"165","fennec",1
"166","dragonfeet2012",1
"167","StackOverflowed",2
"168","J. Chin",1
"169","Arpith",1
"170","Winston Smith",1
"171","Itai",3
"172","Robinicks",1
"173","jon2512chua",6
"174","tomm89",3
"175","toomanyairmiles",1
"176","3rdparty",1
"177","Brian",1
"178","itzik gili",1
"179","user17219",1
"180","etechpartner",1
"181","garikapati",1
"182","johnk",1
"183","yo'",1
"184","Jonathan",1
"185","Undistraction",8
"186","Daniel Alder",1
"187","Jason",1
"188","mohit mishra",1
"189","Wok",1
"190","user17432",2
"191","Pakbabydoll",1
"192","user2126092",1
"193","Taruni",1
"194","Diane",1
"195","Aanal Patel",1
"196","pipi",1
"197","Octopus",1
"198","Flo K",1
"199","a CVn",1
"200","user17723",1
"201","lejonet",1
"202","Nathan268",1
"203","bbum",1
"204","erik svensson",1
"205","Pat",1
"206","Gary",1
"207","user17890",1
"208","Chris",1
"209","user17895",1
"210","Sten Petrov",2
"211","Kait",1
"212","Charity",1
"213","Makeda",1
"214","user17977",1
"215","leelee21xo",1
"216","y0mbo",1
"217","roman m",2
"218","Doc Walker",1
"219","Darius",1
"220","cabbey",1
"221","Alex Bolotov",1
"222","matt burns",3
"223","ieure",1
"224","ambitious",1
"225","user19054",1
"226","user19058",1
"227","sohail Akbar",1
"228","Saqib Khan",2
"229","AJ Finch",1
"230","Ulfric Stormcloak",1
"231","Ahmed",1
"232","Jez'r 570",1
"233","Alex",1
"234","sfactor",1
"235","Dylan",1
"236","Greg Thompson",1
"237","James",4
"238","pilsetnieks",1
"239","Luis Lobo Borobia",1
"240","mattdm",1
"241","deppfx",2
"242","Xeoncross",1
"243","Vijay",1
"244","user19558",1
"245","dimba",1
"246","dzieciou",1
"247","Sajee",1
"248","AuthEx",1
"249","user19750",1
"250","ab.aditya",7
"251","sat",1
"252","Beninja2",1
"253","Pinkbasket",1
"254","Em Ae",1
"255","Janos Pasztor",1
"256","mjr",1
"257","Memochipan",2
"258","gsndev",1
"259","Xdg",1
"260","Weiyan",2
"261","Oceanic815",1
"262","silent",1
"263","Frank",1
"264","Lance Pollard",1
"265","Bernard",1
"266","Lena Borisova",1
"267","user20147",1
"268","user20230",1
"269","anarcat",1
"270","Berzemus",1
"271","Solyad",1
"272","20317",1
"273","Monique Wiltshire",1
"274","Bossykena",1
"275","S. Kumar",1
"276","Amir Rezaei",1
"277","Julian Kuelshammer",1
"278","Dominic Vongprany",1
"279","Hanazakari Suki",1
"280","Bru",1
"281","ReNa",1
"282","eWolf",2
"283","Znarkus",1
"284","Moeed Farooqui",1
"285","apo green",1
"286","Andrei",1
"287","PedritoB",1
"288","MBraedley",1
"289","Claire",1
"290","Arthur",1
"291","SuZ",1
"292","user21022",1
"293","Medevac",1
"294","Anil Namde",1
"295","Robert Koritnik",1
"296","chuck",1
"297","duozmo",1
"298","dominiquealexi",1
"299","mcgyvrfan121",2
"300","Lauren",1
"301","casper141",2
"302","Archagon",1
"303","ltn100",1
"304","Mel",1
"305","user21384",1
"306","Haizum Skallah",1
"307","Ruud",1
"308","Kurt",1
"309","Florian Mertens",1
"310","sharkyenergy",1
"311","rhkarls",1
"312","Micha",4
"313","Mewa",1
"314","misguided",1
"315","Mikhail",1
"316","joshuasbones",1
"317","Yvette aguirre",1
"318","Hugo",22
"319","kacalapy",2
"320","MoX",1
"321","user22023",1
"322","Alex Volpe",1
"323","Sunny Reborn Pony",4
"324","aisa",1
"325","Dragan Kidovic",1
"326","Vlad the Impala",1
"327","Beatriz",1
"328","Susana",1
"329","weera",1
"330","Danubian Sailor",1
"331","Scorpion",1
"332","xblitz",1
"333","Hans van Tonder",1
"334","Vaddadi Kartick",1
"335","ntgCleaner",4
"336","baisun",2
"337","Manjari",1
"338","SibhiRajan",1
"339","angel rojas",1
"340","Plastkort",1
"341","polyglot",6
"342","Joel Wilson",1
"343","Stupitt",1
"344","user22788",1
"345","user22793",1
"346","George",1
"347","connersz",1
"348","Richard",1
"349","Always",1
"350","Sam Saffron",1
"351","user2664856",1
"352","Creator13",1
"353","Rook",2
"354","Omid Kamangar",1
"355","Obj-Swift",1
"356","Rudiculous",1
"357","Kyle Hotchkiss",1
"358","Stéphane Péchard",1
"359","Corey Farwell",1
"360","Billy ONeal",1
"361","Ygam",1
"362","John Elliott",1
"363","David Day",1
"364","Monica",1
"365","MAC",1
"366","Pavan",1
"367","lindes",3
"368","user24286",1
"369","Nick",1
"370","whyAto8",1
"371","Terri Baird",1
"372","goldenmean",1
"373","Daniela",1
"374","Shame Wolf",1
"375","w.hrybok",1
"376","Pranav",1
"377","Fiodor",1
"378","Mathew M George",1
"379","chgeuer",1
"380","RGA",1
"381","peter",1
"382","Andalur",3
"383","matt",1
"384","Jukka Suomela",3
"385","Madelaine",1
"386","Jessica",1
"387","fahad.hasan",1
"388","Deepsy",1
"389","guettli",2
"390","rcs",2
"391","jtatria",1
"392","Josh",1
"393","Rowley",1
"394","joanne",1
"395","Vinoth Kumar",1
"396","Jada",1
"397","nbubis",1
"398","Phazor",1
"399","ctorx",1
"400","user25295",1
"401","Zlatty",1
"402","Achille",2
"403","David",1
"404","5arx",1
"405","theJollySin",1
"406","user2720372",6
"407","therobyouknow",1
"408","zee",1
"409","user25632",1
"410","Remus Rigo",1
"411","Beatle",1
"412","jordan",1
"413","user25775",1
"414","user25780",2
"415","Paze",6
"416","Watash",1
"417","mixdev",3
"418","exterrestris",2
"419","Ruslan",1
"420","krish",1
"421","lrkwz",1
"422","Rich Standbrook",1
"423","user1938107",2
"424","Darko Z",1
"425","STS-DV-SS-EHO-FMF",1
"426","c33s",1
"427","user26641",1
"428","PIXP",2
"429","sdx.1969",1
"430","user26696",1
"431","user26715",1
"432","Jon",1
"433","user26761",1
"434","Mark S",1
"435","Omar Kooheji",2
"436","PlasmaHH",1
"437","Sam T",1
"438","Maxito",1
"439","D. Lambert",1
"440","ckimball",1
"441","Klikz",1
"442","Morpho",1
"443","Franco",1
"444","Lion",1
"445","Ope Oladipo",1
"446","seoppc",1
"447","yoshiserry",2
"448","newfie_coder",1
"449","user27433",1
"450","zsz85",1
"451","Tom",1
"452","Ammar",1
"453","DavidA",1
"454","xsaero00",1
"455","jibounet",1
"456","oneill17",1
"457","Ingam",1
"458","KenW",1
"459","Matt",2
"460","Tom Wolski",1
"461","Jana",1
"462","JD Isaacks",2
"463","Jeff Ferland",1
"464","AntiClimacus",1
"465","NoahM",2
"466","natep",1
"467","paul mcelhinney",1
"468","Trevör Anne Denise",1
"469","user27914",1
"470","alex",1
"471","user138913",1
"472","David Yell",1
"473","Nicole Gaits",1
"474","Santosh Kumar",3
"475","Hagen von Eitzen",1
"476","Paul Taylor",1
"477","Jake Neal",1
"478","user28283",1
"479","adarsha joisa",3
"480","midas06",1
"481","user28320",1
"482","this.myself",1
"483","Kevin Rendall",1
"484","jquery404",1
"485","Tarun",1
"486","Nathan G.",1
"487","Raj More",1
"488","plang",1
"489","Siva",1
"490","h3nryyy8",1
"491","user29637",1
"492","user29737",1
"493","user29742",1
"494","user29754",1
"495","Nayana Adassuriya",3
"496","user29895",1
"497","user3787192",1
"498","Enrique Aparicio",1
"499","kelly",3
"500","pkaeding",1
"501","Nathan Campos",1
"502","Naseer",1
"503","reuscam",1
"504","Carol Chalfant Lewis",1
"505","mnordber",1
"506","Baconbeastnz",1
"507","Saif",1
"508","miernik",1
"509","James Davies",1
"510","FAtBalloon",1
"511","Peter J",1
"512","AngerClown",1
"513","HackinGuy",1
"514","arslion",1
"515","user3792763",1
"516","Anto",1
"517","Ken",7
"518","Deborah",1
"519","Gal Ben-Haim",1
"520","Walter",1
"521","Zoe seymour",1
"522","Tanmay",1
"523","Levi",1
"524","Michael Partipilo",1
"525","MightyAtom",1
"526","John Smith",5
"527","sumid",1
"528","PrasadChuri",3
"529","stebu92",2
"530","Marcus Thornton",1
"531","Sagar",1
"532","datarockz2",1
"533","Greg Dietsche",1
"534","Victor",2
"535","Mihály Török",1
"536","Manuelito Aizon",1
"537","jeandre",1
"538","Yochai Timmer",1
"539","hobbyist",1
"540","Pamela Lee Forney",1
"541","Terry",1
"542","Debora Crafts",1
"543","Eoin Campbell",1
"544","fmark",1
"545","Ifi",1
"546","Jason",2
"547","JDługosz",2
"548","user3238714",1
"549","mooie",4
"550","Lucie",1
"551","Hugh McKee",1
"552","Joe Scotto",2
"553","metdos",2
"554","Ralf de Kleine",1
"555","ezmopho",1
"556","Filmfox",1
"557","John Demetriou",1
"558","revv86",1
"559","Greg Zaal",1
"560","Nicolas Barbulesco",1
"561","Shailendra Chari",1
"562","Waqar",1
"563","SERAJ",1
"564","Alice",1
"565","kiranvj",1
"566","user1899082",1
"567","fart-y-goer",1
"568","Rajesh Ganapathy",1
"569","user35037",1
"570","curious_cat",1
"571","nagylzs",1
"572","Lukas",1
"573","Lydia",1
"574","Kathleen Hall",1
"575","Kevin",1
"576","Viesis",1
"577","user2836337",1
"578","Shivam Chudasama",1
"579","Drake",1
"580","John Snow",1
"581","anonim",1
"582","John Smith",1
"583","Boris",2
"584","Nick",1
"585","Nik",1
"586","Theaa",1
"587","Olivia",1
"588","bmrm145",1
"589","Tracey",1
"590","tedm",1
"591","Daniel Gehriger",1
"592","Serge",2
"593","Elfudge",1
"594","rjzii",1
"595","Mark Whitaker",1
"596","zweiasakura",1
"597","l0b0",2
"598","user36853",1
"599","Tristan",1
"600","Undefined",1
"601","Alex",1
"602","Bambi",1
"603","toffee.beanns",1
"604","user3709",1
"605","Wirewrap",2
"606","geoff",1
"607","Chris",1
"608","Nemo-Omen",1
"609","GolezTrol",1
"610","Carlos Velasquez",2
"611","Jim Swift",1
"612","Madivad",1
"613","ladyfingers",1
"614","Sölvi Vignisson",1
"615","user3165740",1
"616","gjb",3
"617","Duncan Bayne",1
"618","Norbert S",1
"619","Destroyer73",1
"620","prethve lekha",1
"621","Rick Ong",2
"622","Singh",1
"623","Victoria G",1
"624","Antoinette ",1
"625","aallord",1
"626","mcography",1
"627","Petruza",1
"628","Jiminee",1
"629","Gaius",1
"630","SailorCire",2
"631","Lisboanoite",1
"632","KnutPunt",1
"633","Eban Piehan",1
"634","William Entriken",1
"635","sachin r.m",1
"636","sharon",1
"637","Edward144",1
"638","BenScot",1
"639","Darius",1
"640","Kurt",1
"641","Rexford",1
"642","kazanaki",4
"643","Tan Yi-Xuen",1
"644","lefteris",1
"645","TigerFire14",1
"646","Peter Roberts",1
"647","aaaaaa",1
"648","Susi",1
"649","Farzad64",1
"650","PPT Media Video",1
"651","ace",1
"652","Mohannad Hammouda",1
"653","user2777292",1
"654","Laurice",1
"655","Cole Y",1
"656","Sue",1
"657","O P",1
"658","Tom",1
"659","jimmy",1
"660","Vicky",2
"661","Crowley",1
"662","Steve",1
"663","bill999",1
"664","Sue T",1
"665","Naner",2
"666","Mike Moe",1
"667","Fred",1
"668","user3462295",1
"669","user9818",1
"670","lopata",1
"671","Chris Keeran",1
"672","Lesley",1
"673","Fabian Vergara",1
"674","eichin",1
"675","grumpypanda",1
"676","Mike Sowsun",1
"677","David",1
"678","James",1
"679","Christopher Spencer",2
"680","AntK",1
"681","Corey",1
"682","Chris W. Rea",1
"683","Julian",1
"684","MicroMachine",2
"685","Emily Johnston",1
"686","frankJXL",1
"687","CodeLikeBeaker",2
"688","eternitysharp",1
"689","Ragul",1
"690","Avi Ginsburg",1
"691","Andres",3
"692","coderdave",1
"693","Giancarlo",5
"694","Reggie",1
"695","Joe",1
"696","Pratik Sarkar",1
"697","Ashish",1
"698","Zöe Seymour",2
"699","DrLazer",1
"700","Nady",1
"701","SrujiTh KalluRu",2
"702","Global nomad",1
"703","wamiloka",1
"704","gibbely huffels",1
"705","MLu",2
"706","ashley",1
"707","user3241651",1
"708","Michael",1
"709","gingergenius",1
"710","Vikrant Jain",1
"711","user978548",2
"712","g90uagk",1
"713","Jon Paul Vivere",1
"714","OneReal Human",1
"715","user2825890",1
"716","Reuel",1
"717","Douglas Reynholm",1
"718","Corrupted MyStack",4
"719","Genie Newell",1
"720","Giggy",1
"721","Kazim Hasan",1
"722","Vikas Rajput",1
"723","Daniel Castillo",1
"724","Cor",1
"725","MertonGJB",1
"726","blckbird",2
"727","newtothegame",1
"728","Conner",1
"729","Margos",1
"730","Toni Moisio",1
"731","Erika",1
"732","letsc",1
"733","Javier",1
"734","Moko M.",1
"735","Barney Chambers",7
"736","Adrian Gray",1
"737","Mark Turner",1
"738","Tumbledown",1
"739","Teko",1
"740","alex",1
"741","Isaac Wasserman",1
"742","alexandrul",1
"743","Caleb",5
"744","Michael Tran",1
"745","Thilak Rao",1
"746","mickben",3
"747","Marcus",1
"748","errorhandler",3
"749","Barry",1
"750","the_meter413",1
"751","emmivolpe",1
"752","Joy",1
"753","tjt263",2
"754","Dan",1
"755","Steve C",1
"756","Bhavani Kannan",2
"757","Daniel",1
"758","Emilios1995",1
"759","D34DM347",1
"760","Rishab Girdhar",1
"761","Manasi",1
"762","David Bailey",1
"763","user2925795",1
"764","Imre",3
"765","Steve",2
"766","Rick O",1
"767","eagerMoose",1
"768","Fred Stahly",1
"769","kabirisi Mugyenyi Muganga",1
"770","Patricia Smith",1
"771","Jonathan Jackson",1
"772","PRK",1
"773","Chris",1
"774","Simonè",1
"775","TrueWill",1
"776","Naulee",1
"777","PRK",3
"778","tatan",1
"779","Susan T",1
"780","Frias",2
"781","Bill",1
"782","steve_oh111",1
"783","Peter",1
"784","bwDraco",2
"785","Dale",1
"786","Pranet Patra",1
"787","Alysssa",1
"788","Monny Pratama",1
"789","Stanley",1
"790","Victor Powell",1
"791","Kai",1
"792","Eliyah",1
"793","Augustin Riedinger",1
"794","Elise Northfield",1
"795","Dorfwirt",1
"796","john c",1
"797","denimknight",1
"798","O.samayoa",1
"799","python152",1
"800","Mr Riksson",1
"801","Nathan Thompson",1
"802","SloppierKitty7",1
"803","Rajasri.J",1
"804","Arnkrishn",1
"805","Robin Gertenbach",1
"806","Mox",1
"807","jharrit",1
"808","icor103",1
"809","kristy",1
"810","Pete",1
"811","NickM",1
"812","Valentin",1
"813","JRP",1
"814","Brian Leishman",1
"815","Mohamed Amin",1
"816","Sky Simone",1
"817","Aurélio Antonio",1
"818","Diego Jancic",1
"819","André Carregal",1
"820","Antony Manoj",1
"821","Amelie Bevan",2
"822","pewpewxo",1
"823","abenci",2
"824","Tiffany Donnay",1
"825","Danielle B",1
"826","knickerbocker rocker",1
"827","Karen",1
"828","rockZ",1
"829","user46397",1
"830","Medio",1
"831","M.Lutz",1
"832","Alexa",1
"833","Zoltán Tamási",1
"834","Henry Hunt",1
"835","Ian H Mears",1
"836","Gabriel Muraoka",1
"837","Matt Mullenweg",1
"838","DavidR",1
"839","bted",1
"840","Jeremy H",1
"841","Afam Edozie",1
"842","maggie",1
"843","Diego",1
"844","Sathish Gameengineer",1
"845","backountry",1
"846","Alex",1
"847","Navaneeth K N",2
"848","bjp",1
"849","Samantha",1
"850","Jon",1
"851","Samir",1
"852","Michael LB",2
"853","Soph Kay",1
"854","Ryan Cleckner",1
"855","PRasd",1
"856","Nuno Nogueira",1
"857","Fabrice NEYRET",1
"858","Ishaan Shah",1
"859","Nadun Dissanayake",1
"860","Pansottin",1
"861","Jules",2
"862","S P Srivastava",1
"863","matador",1
"864","Victoria",1
"865","Gabrielė Stravinskaitė",1
"866","user47899",1
"867","George Henderson",1
"868","mundeep",2
"869","PhotographyNewbie",1
"870","Denis González",1
"871","Charles Threat",1
"872","Simon",1
"873","Richard Rodriguez",4
"874","Hurst Gannon",1
"875","Ajith P Venugopal",1
"876","Andy",1
"877","Atheer",1
"878","Bas",2
"879","Phantomazi",1
"880","Andres P",1
"881","Subarna",1
"882","Kelly McGuire",1
"883","Richie",1
"884","Stephen Melrose",1
"885","Pat McMullen",1
"886","Ben",1
"887","Kent Eckhart Jr",1
"888","Maggie_p45",1
"889","Lea Bensoussan",1
"890","Eric Lawler",1
"891","SuperTasche",1
"892","dpollitt",17
"893","edev",1
"894","Jayanga Kaushalya",1
"895","JTaylor",1
"896","pradeep sekar",1
"897","Polly57",1
"898","HuorCulnamo",1
"899","Pranav Shah",1
"900","Marcin",1
"901","kpassaur",1
"902","Margz",2
"903","Rida Chamseddine",1
"904","C. Daisy",1
"905","Katelyn89",1
"906","Hardy Mathew",2
"907","MoritzLost",1
"908","Jan",1
"909","Jakub Sisak GeoGraphics",15
"910","user49786",1
"911","user49910",1
"912","Shahul",1
"913","Joel Barkley",1
"914","tino1b2be",1
"915","Adam Rice",1
"916","Sukwender Singh",1
"917","Talhiner",2
"918","raven",1
"919","Edward",1
"920","Peter",1
"921","Sam Gavins",1
"922","PHLAK",1
"923","Francesco",3
"924","John",1
"925","Kyle Sponable",1
"926","Mohit Bhardwaj",2
"927","Matt Cowley",1
"928","Bostock1957",1
"929","speshak",1
"930","David Portabella",1
"931","gjsmo",1
"932","Dexter",1
"933","user50960",1
"934","quantrix",1
"935","Chris Magnuson",1
"936","dag729",1
"937","Josh M.",1
"938","fapsu",1
"939","Bob",1
"940","Jonathan Reiff",1
"941","David Wolever",1
"942","moropus",1
"943","Chicka",1
"944","colin",1
"945","rebecca",1
"946","Ivan Romanov",1
"947","Amrit Bharadwaj",5
"948","Jez W",1
"949","Miss Foxxy",1
"950","romolo",1
"951","Moeb",1
"952","Aquarius_Girl",5
"953","peter_budo",1
"954","Dennis Williamson",1
"955","Canyonero",1
"956","sudarsanyes",1
"957","Daniel",1
"958","Sam Walker",1
"959","Meg",1
"960","Ken Liao",1
"961","Jeffrey Michael",2
"962","alechko",1
"963","Christian",1
"964","Susan Scrivener",1
"965","Ali Thr",1
"966","Desert__Bee",1
"967","Krichard",1
"968","Marjorie",1
"969","Lee",1
"970","tfphoto",1
"971","ScottF",3
"972","ChristopherEmoracket",1
"973","Sepid",1
"974","Janardan S",1
"975","Dan Sorensen",1
"976","James Screech",1
"977","S. Ward",3
"978","ValyriA",1
"979","mohit singh",1
"980","jumpjack",1
"981","Bhushit Agarwal",1
"982","Kaitlyn Farley",1
"983","Sarah",1
"984","Thomas Eikje Gjerde",1
"985","learning to hold camera",1
"986","aoak",1
"987","sanjihan",1
"988","Dejan Marjanovic",1
"989","Ragnarsson",1
"990","blubb",1
"991","Jean",1
"992","Ranjan",1
"993","Deb Poe",1
"994","Harsh Chiki",1
"995","Anthony",2
"996","Naftuli Kay",1
"997","Keshia Angelina",1
"998","john",1
"999","xiao 啸",1
"1000","Grant",1
"1001","kamal subedi",1
"1002","Laura",1
"1003","Vikas Kumar",1
"1004","AVR",1
"1005","BevSz",1
"1006","Matt Melnyk",1
"1007","Nosh",1
"1008","Bob Huston",1
"1009","Camera_n00b",1
"1010","Jackie",1
"1011","Jose Rocha",1
"1012","bearmohawk",1
"1013","Crazy Dino",2
"1014","Federico Scanagatta",1
"1015","Tumharyyaaden",1
"1016","aytimothy",1
"1017","Evan",1
"1018","Nikunj",1
"1019","cpx",1
"1020","bret7600",1
"1021","Patrick Ferreira",1
"1022","Mario",1
"1023","Johnson Tran",1
"1024","Ryan",4
"1025","c3peat",3
"1026","Janier Diaz",1
"1027","Samuel Ross",1
"1028","SharePointNY",1
"1029","boqn_ivanov",1
"1030","vaxlt",1
"1031","Jan Heesbeen",1
"1032","Mohit Aphale",1
"1033","Aaron Gullison",1
"1034","Mysterious Image",1
"1035","kabir",2
"1036","Skyler",1
"1037","Tindra",8
"1038","crishu",1
"1039","Ajay",1
"1040","Jena Linn",1
"1041","gonfer",1
"1042","Lasse Vågsæther Karlsen",2
"1043","Darion Badlydone",1
"1044","Anonymous",1
"1045","user56920",1
"1046","PRK",1
"1047","SAM",1
"1048","nem360",1
"1049","e46Canon",1
"1050","Ion Sastras",1
"1051","Sebastian",1
"1052","Saleem Farhan",1
"1053","Joe",1
"1054","J. Smith",1
"1055","Tyler Aronson",1
"1056","Ray",2
"1057","pwny",1
"1058","Geodaley",1
"1059","Sibbs Gambling",1
"1060","Óðinn D. Löve",1
"1061","carbotex",1
"1062","deostroll",1
"1063","emurano",1
"1064","Ram",1
"1065","salmonlawyer",1
"1066","mts",1
"1067","user1071914",1
"1068","David James",1
"1069","Jason",1
"1070","Phil Evans",1
"1071","Jorge luis",5
"1072","David Tipps",1
"1073","user58369",1
"1074","Bineesh",1
"1075","Mathew Dennison",1
"1076","Nishad",1
"1077","Orch",1
"1078","Kyle Hailey",1
"1079","Eno",1
"1080","Micheal Johnson",4
"1081","josephbagaric",1
"1082","rvpals",1
"1083","Ian J. Gooding",1
"1084","guido.coza",1
"1085","ana",1
"1086","Ydel Zuriel",1
"1087","weinde",4
"1088","P Kelly",1
"1089","Leon Harvey",1
"1090","Lying Dog",1
"1091","newtonapple",1
"1092","jorge lopez",1
"1093","James",1
"1094","Snowman",1
"1095","andrepaulo",1
"1096","smares",1
"1097","BostonMacOSX",1
"1098","FERNANDO SCIANDRA",1
"1099","JonathanReez",13
"1100","Delanie Case",1
"1101","Shanna Martin-Book",1
"1102","Chris ",1
"1103","Philippe Leroux",1
"1104","Lisa Ison",1
"1105","Bob Waite",1
"1106","user5936",1
"1107","Nathan Osman",1
"1108","Lana Hager",1
"1109","Photo Voltaeic",1
"1110","dwjohnston",1
"1111","pixelfairy",1
"1112","NoahL",1
"1113","Aldas",1
"1114","Minde",1
"1115","Forestfluffstuff",1
"1116","lijat",3
"1117","CSFOTO",1
"1118","Pradeep",1
"1119","Sagar Vaghela",1
"1120","Edu Garcia",1
"1121","Rachel",1
"1122","EtienneT",2
"1123","Darkerthanapoem",1
"1124","koko777",1
"1125","Mohd akhtar",4
"1126","HeatherP143",1
"1127","Abhay Kumar",1
"1128","Jeremy Huddleston Sequoia",1
"1129","Sam",1
"1130","Ruslan",2
"1131","CommaToast",1
"1132","Joseph Facey",1
"1133","ironoxidey",1
"1134","uiroshan",1
"1135","Josh",1
"1136","Josh H.",1
"1137","spong",1
"1138","Pepo_rasta",1
"1139","Shubham Rohini",1
"1140","Nick Bedford",1
"1141","Sarah Kate Ford",1
"1142","aws abusalem",1
"1143","Perishable Dave",1
"1144","Kamil N.",2
"1145","Brooks",1
"1146","Jason Haskin",1
"1147","pawad",1
"1148","Kat.Flanagan",1
"1149","deb",1
"1150","Rajesh Ranadive",1
"1151","CP1005",2
"1152","jane collins",1
"1153","bmike",1
"1154","Abdel Hakim",1
"1155","Taylor",1
"1156","Alan Harris",1
"1157","rayven1lk",1
"1158","Joe",2
"1159","ariel",1
"1160","whan",1
"1161","PLacitignola",1
"1162","angel jellis",1
"1163","Joe Rumford",1
"1164","Viv",6
"1165","John Marzulli",1
"1166","WClarke",1
"1167","lm01",1
"1168","dassouki",2
"1169","Ellis",1
"1170","boon",1
"1171","K''",9
"1172","isaac rocha",1
"1173","Dale",1
"1174","Victor Chavauty",1
"1175","Natalie brunini",1
"1176","Yuan Hay",1
"1177","Taylor",1
"1178","knocked loose",1
"1179","Chris",1
"1180","Mechatronics",1
"1181","Tieme",1
"1182","LukeLR",1
"1183","Gale Stride",1
"1184","Jvillasenor ",1
"1185","tinkertori",1
"1186","memoryinflightphotography",1
"1187","Joy",1
"1188","user62806",2
"1189","Danny",1
"1190","Jonas Brondum",1
"1191","Esam Elsaket",1
"1192","Vlad Radu",1
"1193","user6307",1
"1194","Maxx32",1
"1195","Florian Reisinger",2
"1196","Pablo Pereyra",1
"1197","svvage",1
"1198","ken swanson",1
"1199","iSelfy",1
"1200","Damn Daniel Joseph",1
"1201","thebtm",1
"1202","Neophile",2
"1203","John McClung",1
"1204","JohnF",1
"1205","Kenneth Mac Conbhuí",1
"1206","Sedat",1
"1207","Fred",1
"1208","Nicholas Smith",1
"1209","Anand",1
"1210","Michael imy",1
"1211","Andrea",2
"1212","Tomi",2
"1213","T1000",1
"1214","JZK",1
"1215","mbmast",1
"1216","Nathan",1
"1217","Sasha",1
"1218","StevoInco",1
"1219","rb66102",1
"1220","Marc Fletcher",1
"1221","sudhakar teki",2
"1222","Lazer",4
"1223","Kyle Unterberger",1
"1224","Can Poyrazoğlu",2
"1225","user64112",1
"1226","SeenYourVideo",1
"1227","Storm",1
"1228","Lilibete",1
"1229","Linuxx",1
"1230","cwd",4
"1231","John",1
"1232","Kaoutar ROUAS",1
"1233","Sam Dimani",1
"1234","Harrison Grant",1
"1235","pupeno",1
"1236","Ryan",3
"1237","joe pomata",1
"1238","Oliver",3
"1239","SF.",1
"1240","Ivan",1
"1241","JharPaat",1
"1242","ipaz",1
"1243","weletonne",1
"1244","Gellan",1
"1245","Steven Nunez",1
"1246","Amila",1
"1247","Dan Kendall",2
"1248","Sonic Soul",2
"1249","chills42",3
"1250","Naji",2
"1251","Shabbyrobe",1
"1252","rrazd",1
"1253","Rich",1
"1254","woodvi",1
"1255","kavaljit",1
"1256","David",1
"1257","Wolfkc",1
"1258","Tom_Irish",1
"1259","Rookie2017",1
"1260","Gapton",1
"1261","Rahul",1
"1262","bunkdeath",1
"1263","jeevan s",1
"1264","DHall",1
"1265","Spellburg",1
"1266","Hillary Chua",1
"1267","Vijay",1
"1268","Tim Nicol",1
"1269","Darrien Shelton",1
"1270","Saikat Das",1
"1271","Vivek-Bh",1
"1272","Snippit",1
"1273","Audrey Lee",1
"1274","Brigitte ",1
"1275","Sebastian Hoitz",1
"1276","Robert Long",1
"1277","Alex",1
"1278","fixxxer",1
"1279","Hassan Emad",1
"1280","Violet Giraffe",1
"1281","Lucio",1
"1282","Simon Soon",1
"1283","scooper",1
"1284","Casey",1
"1285","VB_",1
"1286","scb222",1
"1287","teceze",1
"1288","AndreKR",1
"1289","Roger Banks",1
"1290","Jack Schaberg",1
"1291","Matt",1
"1292","a2441918",1
"1293","Rob Florian",1
"1294","B. Varner",1
"1295","JiffFulcher",1
"1296","JTipt",1
"1297","bobtee178",1
"1298","Omnipresent",1
"1299","Mike",1
"1300","x-A-x",1
"1301","Gary",1
"1302","speedRS",1
"1303","Skaperen",1
"1304","Stainsor",1
"1305","Nige",1
"1306","Rob",1
"1307","Gerry Kelly",1
"1308","peter harding",1
"1309","LynnRemson",1
"1310","StephT",1
"1311","tina",1
"1312","Adam Jakiela",1
"1313","Misael Moneró Thompson",1
"1314","Gordon Owen",1
"1315","sirVir",1
"1316","jacob binney",1
"1317","RHLK",1
"1318","Naura",1
"1319","chuqui",1
"1320","HenricF",1
"1321","joe max",1
"1322","Vijendra Parashar",1
"1323","user70668",1
"1324","Pulak Ray",1
"1325","Matthew",3
"1326","vivek_jonam",1
"1327","Mike Blandford",1
"1328","Elizaveta Levina",1
"1329","amrutasd",1
"1330","jkell50",1
"1331","Kyle Hayes",1
"1332","Suraj Roy",1
"1333","randomphotog",4
"1334","robin316us",1
"1335","kaushal",1
"1336","Lexie",1
"1337","ck01",1
"1338","NaKeitha Melton",1
"1339","Geordie",1
"1340","Belle-Sophie",1
"1341","Fábio Dias",1
"1342","Lindsay Sperring",1
"1343","John Paul Madine",1
"1344","Lokesh",1
"1345","Luca Steiler",1
"1346","Satvik",1
"1347","Venelin Djankov",1
"1348","Damian",1
"1349","Ellie",1
"1350","Cortega",1
"1351","wom",1
"1352","Tarhan",1
"1353","Melman",1
"1354","musicinmyheart",1
"1355","Vanessa M Marie",1
"1356","Erfan",1
"1357","Mariusz Ignatowicz",1
"1358","SimplyRedImages",1
"1359","Kevin",1
"1360","Gamecockinnc",2
"1361","Matt Patenaude",1
"1362","H.E",1
"1363","dlanod",1
"1364","MjuAddict",1
"1365","Incognito",1
"1366","Sanj500",1
"1367","xsace",1
"1368","Warwick",1
"1369","Bharadwaj",1
"1370","Matthew Lee",1
"1371","Deliaaaaaaa",1
"1372","ruby",1
"1373","Melanie Tata",1
"1374","Steve Ember",1
"1375","L. Vadim",1
"1376","Jacob Gorneau",1
"1377","Erica",1
"1378","Snake Hernandez",1
"1379","Tashi",1
"1380","colin bradshaw",1
"1381","Light_B",1
"1382","Udo G",1
"1383","Rado",1
"1384","sFyX67v7Ia1XDGFU",1
"1385","kaly",1
"1386","Paul Cezanne",1
"1387","Hasin Hayder",1
"1388","anna",1
"1389","Abhimanyu",1
"1390","Balakrishnan Rajan",1
"1391","Adam Monsen",1
"1392","Brian",1
"1393","L84",1
"1394","user871199",1
"1395","Sameer",2
"1396","Jean-Luc Godard",1
"1397","Ashok Agnihotri ",1
"1398","Thomas Flinkow",1
"1399","data",1
"1400","vishal.biyani",1
"1401","user74673",1
"1402","Nikhil",1
"1403","user74843",1
"1404","Valya",1
"1405","SUVRA SENGUPTA",1
"1406","Aidan",1
"1407","Raja Selvaraj",1
"1408","Ferdiaaza",1
"1409","Tommaso Bendinelli",1
"1410","Tyler Remington",1
"1411","Waza_Be",1
"1412","Paddy Tully",1
"1413","Howard",1
"1414","usr",1
"1415","eduard karpoev",1
"1416","Gulbahar",1
"1417","Ilan Greenberg",1
"1418","jonalv",1
"1419","xiota",1
"1420","Mike",1
"1421","Jung",1
"1422","albert",1
"1423","user196530",4
"1424","Anna",1
"1425","Roshan",1
"1426","DanC96",1
"1427","E.L.",1
"1428","dangleesack",1
"1429","wojtek",2
"1430","Panda Pajama",1
"1431","jp89",7
"1432","Andy Furniss",1
"1433","Bharath",1
"1434","Tomas By",1
"1435","Kiro",1
"1436","Colton Clapp",1
"1437","Anto",1
"1438","Rdavin321",1
"1439","Riddle-Master",1
"1440","T-student",1
"1441","IPhotographMaybe",1
"1442","Oliver Bean",1
"1443","Sanad AlArousi",1
"1444","RKh",1
"1445","user76674",1
"1446","Amir Aliabadi",1
"1447","Jorg",1
"1448","Marlen",1
"1449","Andrew",1
"1450","Hannah Odnet",1
"1451","Maggie Grant",1
"1452","user76866",1
"1453","user76949",1
"1454","Alessandro Berlati",1
"1455","gerl",1
"1456","Tobi",1
"1457","Sabrina",1
"1458","Swetha",1
"1459","Sofia",1
"1460","Aloke Das",1
"1461","Lynnie",1
"1462","Levi",1
"1463","indispensable PC",1
"1464","User18981898198119",1
"1465","Angel",1
"1466","MTTI",1
"1467","confetti",2
"1468","Mowrite",1
"1469","Jan D",1
"1470","Delius",1
"1471","baktin",1
"1472","anita jewell",1
"1473","Daniel Stephens",2
"1474","andrew fay",1
"1475","Ridzuan",1
"1476","Evan B",1
"1477","Sicarius",1
"1478","Lisa W",3
"1479","notloc",1
"1480","Jonathan Irons",4
"1481","Winker",1
"1482","Emily Kuligowski",1
"1483","jjmerelo",1
"1484","Samia Afzal",1
"1485","Katie Oglesby",1
"1486","apazent",1
"1487","Vishal Lohar",1
"1488","Henry",1
"1489","tallganglyguy",1
"1490","S. Char",1
"1491","Manu Alv",1
"1492","Mdn",1
"1493","Paul Ferradas",1
"1494","Samantha Zagha",1
"1495","Matt",1
"1496","thesnow",1
"1497","Albus Dumbledore",1
"1498","Chema Contreras",1
"1499","Fardan Hasan",3
"1500","theV0ID",1
"1501","vermilions",4
"1502","Muhammad Jahangir",1
"1503","Wayne Werner",1
"1504","Abhishek Simon",1
"1505","Ana rogers",1
"1506","JTotham",1
"1507","Alexa05",1
"1508","PhotoByArtie",2
"1509","Sto",1
"1510","Shawn",1
"1511","AMO",1
"1512","Imageree",1
"1513","saibara",1
"1514","Ákos Nikházy",2
"1515","Ralph Maronilla",1
"1516","O Bhavsar",2
"1517","fooj",1
"1518","Yesi",1
"1519","FaureHu",1
"1520","ZamnDaniel ",1
"1521","Jojo",1
"1522","Adam Matan",2
"1523","UnicornsOnLSD",1
"1524","tabatha",1
"1525","Gern Blanston",1
"1526","Nicholas Andrew",1
"1527","Gabriella A.",1
"1528","Oreoluwa Abidoye",1
"1529","c8h10n4o2montreal",1
"1530","eera5607",1
"1531","Martín P",1
"1532","ahmed",1
"1533","Sorsha",1
"1534","juhist",2
"1535","Socrates",1
"1536","user81758",1
"1537","Susan",1
"1538","Nilesh Tailor",1
"1539","Joseph",1
"1540","Daryl",1
"1541","Chris",1
"1542","Fadi Sami Najjar",1
"1543","Liz Cotterell",1
"1544","David Rai",1
"1545","mahdi",1
"1546","Seb",1
"1547","Bruna Alexandra",2
"1548","Sharmon Hansen",1
"1549","Vincent",1
"1550","Danny",1
"1551","Ivan Yankov",1
"1552","Rebecca Jones",1
"1553","Roger",1
"1554","user8272",1
"1555","Nigel Fuller",1
"1556","djangodude",2
"1557","Bob",28
"1558","gerrit",1
"1559","bardiir",1
"1560","Kozuch",1
"1561","s.m.",1
"1562","Edson Andrade",1
"1563","MacGyver",2
"1564","msumaithri",1
"1565","Mike Jacobs",2
"1566","the_midget_17",1
"1567","Dan Wolfgang",1
"1568","Jafin",1
"1569","Chris Drumgoole",1
"1570","desmondL",1
"1571","Will",1
"1572","Debbie",1
"1573","Meysam",1
"1574","Paolo",1
"1575","Mathias",1
"1576","studiohack",1
"1577","Ahmed Yahya",2
"1578","shoosh",1
"1579","BokehMan",1
"1580","drfrogsplat",3
"1581","ahockley",2
"1582","erika",1
"1583","Edward83",3
"1584","oddstuff",1
"1585","santa",1
"1586","SunDance99",1
"1587","Eyal",1
"1588","Rich S",1
"1589","Pawan",1
"1590","Saaru Lindestøkke",3
"1591","Neil",1
"1592","Ravi",1
"1593","chris walker",1
"1594","kishu27",1
"1595","Dylansq",1
"1596","Monica",1
"1597","Gil.I",1
"1598","Radu Gheorghiu",3
"1599","huzzah",2
"1600","Noel M",1
"1601","Nick",1
"1602","Michael Stern",1
"1603","Avalanchis",1
"1604","rodini",1
"1605","floqui",1
"1606","Jxm",1
"1607","tenmiles",2
"1608","John Thomas",10
"1609","Jonathan",1
"1610","Harsh",2
"1611","Skippy Fastol",4
"1612","user24601",1
"1613","Dmitri Nesteruk",1
"1614","Sudarshan Kadam",1
"1615","Daniel",1
"1616","Alex",6
"1617","GR7",3
"1618","codedude",1
"1619","SAFX",1
"1620","BBischof",2
"1621","Arsen Zahray",6
"1622","Digital Lightcraft",1
