"","DisplayName","nikon"
"1","Fredrik Mörk",1
"2","Thomas",1
"3","Gobind Vijay",1
"4","Rachel Podge Porritt",1
"5","D Coetzee",2
"6","Alfred Larsson",1
"7","Switchkick",1
"8","Szabolcs",1
"9","Don Brotherston",2
"10","Stephen",1
"11","Chris",1
"12","Mariano Argañaraz",1
"13","MHinton",1
"14","jeff1220",1
"15","Venkatesh",1
"16","Raj",1
"17","justingordon",1
"18","mfc",1
"19","Saurabh Kumar",1
"20","Bastien974",3
"21","Nippysaurus",2
"22","Ben",1
"23","mac",1
"24","Brian",1
"25","Paulo Guedes",1
"26","Jason",1
"27","Hailey",1
"28","Nikhil Kutoosan",1
"29","Sylvia Kendrick",1
"30","anish",2
"31","thatuxguy",1
"32","Nivas",1
"33","Karsten S.",1
"34","pinaldesai",1
"35","Vinodh",1
"36","Tschareck",2
"37","Chris Noe",1
"38","ben birdsall",1
"39","V.B",2
"40","mwc",1
"41","Andrew Wright",1
"42","Sark",1
"43","Patrick Desjardins",3
"44","Donmagicjuan",2
"45","camflan",1
"46","caila Saunders",1
"47","Mandie",1
"48","Alex Tozer",1
"49","Omne",10
"50","Wendy Gundrum",1
"51","user11556",1
"52","Daniel Saner",1
"53","user11640",1
"54","Shrikant Khadilkar",1
"55","B-K",1
"56","James Bernt",1
"57","akf",1
"58","Abhinav",2
"59","user7801",1
"60","KeithS",1
"61","jfoucher",3
"62","intoTHEwild",1
"63","Pavitar",1
"64","Piotr Zurek",3
"65","Alexander St",1
"66","codecowboy",1
"67","Michael K",1
"68","Amit Kumar Gupta",1
"69","Queso",1
"70","Iulian Onofrei",1
"71","Euan",1
"72","pyrho",1
"73","Sourav",7
"74","pradeepchhetri",2
"75","Soel",1
"76","Evan Pak",1
"77","Neil Ashley Hickman",1
"78","user13328",1
"79","tech",1
"80","PCM",1
"81","owltech2",1
"82","James Youngman",4
"83","Danish",5
"84","G. Brown",1
"85","Peter Boughton",2
"86","strobity",1
"87","Emile",1
"88","Kristey P",1
"89","samyb8",3
"90","Abhilash Dey",1
"91","Gregor Müllegger",1
"92","Till Ulen",6
"93","erotsppa",1
"94","sharptooth",1
"95","Usman Kurd",1
"96","Pibben",1
"97","motiver",1
"98","Missy",1
"99","user219882",2
"100","Sarah",1
"101","kmonsoor",1
"102","CodyBugstein",2
"103","Ian",1
"104","Davy Li",3
"105","robert williams",1
"106","Debbie",1
"107","Johan",2
"108","Rob Clement",2
"109","user133466",1
"110","Jenny",1
"111","AFP",1
"112","Monte Carlo",1
"113","Eric B",1
"114","Nimish Dalal",1
"115","Nicolas Raoul",1
"116","Wayne",1
"117","DJClayworth",1
"118","Viscalde",1
"119","Podge Porritt",1
"120","Marco Mp",1
"121","SThomas",1
"122","user15610",1
"123","sbaechler",1
"124","thevangelist",1
"125","auino",1
"126","user15698",1
"127","D4Am",1
"128","Josh",1
"129","user15861",1
"130","Chin",1
"131","Ryccardo",1
"132","grm",2
"133","Shahid Karimi",4
"134","Amanda",1
"135","crenate",1
"136","Itai",2
"137","Robinicks",2
"138","Kevin Boyd",1
"139","jon2512chua",1
"140","C.S.",1
"141","user17261",1
"142","CoderHawk",1
"143","vivekian2",1
"144","Animesh",1
"145","Jason",1
"146","user17470",1
"147","Narayana",1
"148","Alicia Wilkin",1
"149","Ted",1
"150","Sri Reddy",1
"151","SuRa",1
"152","Frederik Heyninck",1
"153","bobbyalex",1
"154","Amlan Karmakar",1
"155","pipo17171",3
"156","MJD",1
"157","davidthechristianguy",1
"158","Digital Dude",1
"159","ashlee",1
"160","Shizam",1
"161","Loren Pechtel",1
"162","user1844",1
"163","user19058",1
"164","Luis Valencia",1
"165","user19104",1
"166","user19119",1
"167","RussellZ",1
"168","Alan Dean",1
"169","Joseph Myers",1
"170","Ulfric Stormcloak",2
"171","Jez'r 570",2
"172","rfusca",1
"173","Tina",1
"174","Brian",1
"175","yana",1
"176","Brenda",1
"177","sfactor",2
"178","rony36",1
"179","Dylan",1
"180","Aditya",1
"181","Walt",1
"182","Bodi Stanciu",1
"183","Smeg18",3
"184","mattdm",2
"185","Norman Lee",1
"186","Dawn R",1
"187","Yaw Boadi",1
"188","Nayan Soni",2
"189","Ivan",1
"190","MrD600",1
"191","GRD",1
"192","Brig",3
"193","Mayank Jain",1
"194","Gedde",1
"195","Kev",1
"196","Rick",1
"197","Deepak Raja",2
"198","Em Ae",1
"199","A F",1
"200","Water Cooler v2",1
"201","Immunity",1
"202","user20116",1
"203","Jarrod Skillman",1
"204","anarcat",1
"205","Berzemus",1
"206","Akhil",1
"207","EILrichard",2
"208","Algesoft",1
"209","Mathew A.",1
"210","Marina",1
"211","Kiril Kirov",3
"212","mr.b",1
"213","Florine Sandoe",1
"214","Tyler Murry",1
"215","dermot",1
"216","eWolf",1
"217","E. Lüders",1
"218","adimoh",1
"219","vintagegirl",1
"220","Maven",1
"221","Manan",1
"222","Robert Koritnik",1
"223","Fenton",1
"224","coderSam",1
"225","Blueskye",1
"226","Transistor",1
"227","Micaela",1
"228","Scott Peacock",1
"229","Stefan Feiner",1
"230","Herr",1
"231","Espo",1
"232","user132797",2
"233","Josafat Hernandez Llanos",1
"234","sandip",1
"235","Rod D.",1
"236","Haizum Skallah",1
"237","Bunchhieng",2
"238","user21440",1
"239","Shuvro Shuvro",1
"240","Kurt",1
"241","Jav",1
"242","Nofel",2
"243","Hardy",1
"244","misguided",1
"245","andrii",1
"246","fejesjoco",1
"247","kacalapy",9
"248","Daniel R",1
"249","Roshnara Anwar",1
"250","Kaushik Ghose",3
"251","user2720864",1
"252","Nick",1
"253","Josh",1
"254","Raj Pawan Gumdal",1
"255","Arseni Mourzenko",8
"256","Sanjoy Saha",2
"257","Vanessa",1
"258","user22446",1
"259","Radolino",1
"260","lopisan",1
"261","Dave H",1
"262","Vaddadi Kartick",1
"263","user22582",1
"264","Don Lee",1
"265","Atticus29",1
"266","Michael Stum",3
"267","Saurabh Bayani",1
"268","layal",1
"269","seanmc",4
"270","jessica bernache",1
"271","Julio Guerra",1
"272","Nancy",1
"273","connersz",7
"274","OneGunGutty",1
"275","Sam Saffron",1
"276","user2664856",2
"277","Rook",1
"278","Linda turner",1
"279","cmn8683",1
"280","Peter M",1
"281","Billy ONeal",1
"282","Ygam",10
"283","Mahdy Khayyamian",1
"284","Sarah P",1
"285","Nick R",1
"286","Maulik V",1
"287","user24329",1
"288","user24332",1
"289","raindog308",1
"290","Coelho",1
"291","Meghana",1
"292","ronald black",1
"293","Mathew M George",1
"294","Deepsy",1
"295","Curious",1
"296","john bil",1
"297","azrunnergirl",1
"298","Karen",1
"299","Dr. suman Dutta",1
"300","Gen",1
"301","srk",1
"302","BB ON",2
"303","RedGrittyBrick",3
"304","Thomas Ayoub",1
"305","Heather",1
"306","Calaf",1
"307","iamjonesy",2
"308","user25346",1
"309","mmocny",1
"310","testndtv",3
"311","Ampp3",1
"312","Ashley",1
"313","aman207",1
"314","cartonn",1
"315","untitled",1
"316","el_migu_el",1
"317","binaryfunt",1
"318","Niranjan",3
"319","Aftab Aamir",1
"320","user2720372",2
"321","glenneroo",1
"322","Sabrina",1
"323","StackExchangeGuy",1
"324","Roman Matveev",1
"325","Remus Rigo",1
"326","abby",1
"327","aladine",1
"328","Mabedan",1
"329","Elias",1
"330","Sam",1
"331","exa",1
"332","Farrukh Waheed",1
"333","Jorge Córdoba",1
"334","Lucas",1
"335","PLA",1
"336","krish",1
"337","Jake Pearson",1
"338","skamradt",1
"339","rafaferrs",1
"340","DanSmedley",1
"341","musetel",1
"342","Tony",1
"343","user2341500",1
"344","Joanne",1
"345","Giammarco Boscaro",1
"346","Baskaran",1
"347","ckimball",2
"348","Samuel",1
"349","Anatoly",1
"350","RyanFromGDSE",1
"351","Matthew",1
"352","user27343",1
"353","NataNyxx",1
"354","Owen Tolley",1
"355","newfie_coder",5
"356","Josiah Kiehl",1
"357","inkista",1
"358","UserControl",1
"359","dawsondiaz",1
"360","Tom",1
"361","M.M",1
"362","Aaron",1
"363","kBisla",1
"364","Vikas",3
"365","Frank",1
"366","Sandy",1
"367","Pei Chieng",1
"368","aashish",1
"369","Razin",1
"370","Sarah",1
"371","user28063",1
"372","Adrian_H",1
"373","user28108",1
"374","Anthony",1
"375","Razib Ali",2
"376","Randi Castle",1
"377","brade",1
"378","adarsha joisa",1
"379","paavni",1
"380","user28481",1
"381","Axarydax",1
"382","user29515",1
"383","user29534",1
"384","user29557",1
"385","titusfx",1
"386","TheChymera",3
"387","Johannes Setiabudi",1
"388","JustDanyul",1
"389","Sriram",1
"390","Nayana Adassuriya",1
"391","i41",1
"392","Marius Butuc",3
"393","AMY",1
"394","Naseer",1
"395","HEDMON",1
"396","Mauricio",1
"397","fubo",2
"398","LadyHawke_2006",1
"399","Anil Purswani",1
"400","dk_french032",1
"401","vector",1
"402","Yaemish",1
"403","Lena Dawood",1
"404","apaz",1
"405","Rick English",1
"406","danielhep",1
"407","S.D.",1
"408","Jay",1
"409","Dennis Wolz",1
"410","marsel",1
"411","Raddfood",1
"412","Jose Ramon",1
"413","Regan Henery",1
"414","Tanmay",1
"415","Vaughn Rushton",1
"416","drobilc",1
"417","Lasha Kheladze",1
"418","Olotiar",2
"419","Akshay",1
"420","Guy Putman",1
"421","John Smith",2
"422","ShutterFreak",1
"423","user3218",1
"424","Kris",4
"425","user74091",1
"426","Roger",1
"427","Alec Teal",1
"428","Lawliet",1
"429","Victor",3
"430","Lynda Griffiths-Rocha",1
"431","jpt",1
"432","Ankush Sk",1
"433","Derek Angus",1
"434","Chris Stillwell",1
"435","rikket",2
"436","apparat",1
"437","Flying Trashcan",1
"438","garik",1
"439","Brad",1
"440","Jae Lee",1
"441","shannon",1
"442","David Victor",1
"443","Harish R",1
"444","Upen",1
"445","Joe Scotto",1
"446","Sofia",1
"447","Patricia Hardy",1
"448","azngunit81",3
"449","Mauker",1
"450","Maury Markowitz",1
"451","JoséNunoFerreira",2
"452","user34638",1
"453","Brian",1
"454","Gmck",1
"455","Edward",1
"456","Brandon",9
"457","user1899082",6
"458","sino",2
"459","Yulia V",1
"460","Jackiie",1
"461","Thedarkb",1
"462","Shona Fleming",1
"463","Nehal Dattani",1
"464","Jeannie",1
"465","TARA HART",1
"466","John Snow",1
"467","hsawires",6
"468","Noldor130884",3
"469","Swapnil Narendra",1
"470","danizmax",1
"471","67cherries",1
"472","Pece",1
"473","Daniel T.",3
"474","M. Johnson",1
"475","Dwight",1
"476","user1083638",1
"477","Rick Bobick",1
"478","Sam Trost",1
"479","Elfudge",1
"480","usr-local-ΕΨΗΕΛΩΝ",1
"481","fmz",1
"482","antant",1
"483","Philippe Lavoie",2
"484","Jan Davies",1
"485","Mel",1
"486","vikujangid",1
"487","marltu",1
"488","danielle",1
"489","Michael Malura",1
"490","Garry Patten",1
"491","alchemy741",1
"492","elie hanna",1
"493","Keith Lecky",1
"494","Yitian Tao",1
"495","lxcky",1
"496","Myridium",1
"497","Daniel Antón García",1
"498","Marcus",1
"499","Evan Krall",4
"500","Sue",1
"501","Jack",3
"502","Bayed Mubarak",1
"503","RFlack",2
"504","thequeenscheese",1
"505","Olli",1
"506","S.A.",1
"507","Tan Usquiza",1
"508","martinsvv",1
"509","KnutPunt",1
"510","Velta Pironis-palese",1
"511","ritanshu khurana",1
"512","RGirish",1
"513","user3833000",1
"514","Daniel Loisi",1
"515","Mark Hazlitt",1
"516","Robert Kuska",1
"517","Jay",3
"518","Pedro Jimenez",1
"519","Praneel PIDIKITI",1
"520","aaaaaa",2
"521","8nu0t5489nem9uc985um",1
"522","Mackerg4",1
"523","Josh",1
"524","Josh ",1
"525","mike",1
"526","Vicky",2
"527","Julio Gutiérrez",1
"528","Mohamad",1
"529","Emacs User",1
"530","Jose G Rodriguez",1
"531","Bonnie",1
"532","Josh Bernthold",3
"533","Bipul",1
"534","Art",1
"535","Sardinha",1
"536","Esteban Gutiérrez",1
"537","Pacane",1
"538","nikond5500 help",1
"539","Brooke",1
"540","Harshil Sharma",2
"541","Zerotoinfinity",1
"542","Common Man",1
"543","Renaebri",1
"544","zakkir aleem",1
"545","vtomic85",1
"546","T L C",1
"547","user39812",1
"548","Holmes.Sherlock",5
"549","jay",1
"550","shr1975",1
"551","Shane Smiskol",1
"552","lol whittingham",1
"553","newbuddy2015",1
"554","Jin",1
"555","Osama Matar",1
"556","dev_nut",2
"557","Ninabwright",1
"558","Betty Crokker",2
"559","tushar",2
"560","satish",1
"561","aka",2
"562","Jennifer",1
"563","rostamiani",1
"564","Jennifer",1
"565","Matthieu Moy",1
"566","Frustrated",1
"567","RoG",2
"568","Aneda Smith",1
"569","рüффп",7
"570","Bert De Schutter",1
"571","Entity",1
"572","chuck stamm",1
"573","Isabelg",1
"574","Paul",1
"575","R. Wiberg",1
"576","Francis",1
"577","iantoz",2
"578","SpaceOgre",1
"579","Pranab Narayan Sarkar",1
"580","Gigi",1
"581","blaineh",1
"582","user41030",1
"583","Brianna",1
"584","Reuel",1
"585","random10101010",1
"586","Nikki K",1
"587","Tania Martínez",1
"588","Charlotte Reagan",1
"589","Jason Sundram",1
"590","Arthur Ridley",1
"591","A.J. Ruckman",2
"592","Ari Ben Canaan",1
"593","raresmm",1
"594","Steve Sanbeg",1
"595","Barney Chambers",1
"596","dannemp",1
"597","bperdue",1
"598","user4249",1
"599","Darrell",1
"600","Bharat Jajoo",1
"601","thadeuszlay",3
"602","errorhandler",1
"603","Barry",1
"604","tfantina",1
"605","David K.",1
"606","Skippy le Grand Gourou",1
"607","Keniajin",1
"608","sachith",1
"609","Trav L",1
"610","Jo Davies",1
"611","Gerardo Jimenez",1
"612","Andrei",2
"613","Oscynth",1
"614","Kyrillos",1
"615","trican",1
"616","user43503",1
"617","Rob Krater",1
"618","Alistair Williams",1
"619","Kuan",2
"620","Imre",1
"621","ChrisF",1
"622","Umesh Awasthi",2
"623","Paula Audette",1
"624","Kerry",1
"625","user892871",2
"626","Sartheris Stormhammer",1
"627","Andres Orozco",1
"628","bwDraco",1
"629","Jaya Alagar",1
"630","zandermar18",1
"631","ShadowWarrior",1
"632","Anxo",1
"633","Jesse",1
"634","mischnic",1
"635","SloppierKitty7",1
"636","Shashi",1
"637","Deborah",1
"638","Yasir Ahmad",1
"639","Trevor C",1
"640","jim",1
"641","L. H.",1
"642","user173570",1
"643","Crystal",1
"644","wahaab",1
"645","johnp",1
"646","Junaid",1
"647","Juan Luis",1
"648","ALH",1
"649","BNKS",1
"650","mgallotta",1
"651","Chelsea Dean",1
"652","Aleksandar Đorđević",1
"653","Harry Harrison",1
"654","downey",1
"655","Chris Karounos",1
"656","Karen",1
"657","Pamela",1
"658","PhillipH",1
"659","editinit",3
"660","Yashvant Jani",1
"661","Blackbird",1
"662","Bick",2
"663","Tautvydas",2
"664","blunders",1
"665","Greg",1
"666","Sierra Durbin",1
"667","timgrindall",1
"668","Ashley",1
"669","Joe Solano",1
"670","raffis",1
"671","Ivo",2
"672","muru",1
"673","manish.mandal",1
"674","user47042",1
"675","kvaruni",1
"676","Ellen Keith",1
"677","AugieJavax98",1
"678","Samantha K.",1
"679","Maclyn Castle",1
"680","Amy",1
"681","Jérémie Cano",1
"682","fpghost",1
"683","mark",1
"684","bdanta",1
"685","wowpatrick",1
"686","Alyn",1
"687","Arkadi",1
"688","Slamdog",1
"689","Brett Sarver",1
"690","Lphoto",1
"691","pixelfreak",1
"692","Hemango Sonowal",1
"693","Pavlo Dyban",1
"694","Lois",1
"695","Tyler Stryker",1
"696","rafal",1
"697","chantheman",1
"698","Huzaifa",2
"699","dina_fire",1
"700","Angela ",1
"701","Carol",1
"702","tiasg",1
"703","Greg I",1
"704","Transcendent",4
"705","MathematicalOrchid",2
"706","Sara",1
"707","Junior M",1
"708","user4856",1
"709","kristel Abogadie",1
"710","zackygaurav",1
"711","Mr.Grinch",1
"712","Tim Booker",1
"713","rafal",1
"714","faf",5
"715","Ferdy",2
"716","maxchirag",2
"717","Stefan Horvath",1
"718","Jim",1
"719","dpollitt",2
"720","Richard  P",1
"721","Jayanga Kaushalya",1
"722","Rob",1
"723","Alan",1
"724","Saifoo Khan",1
"725","Chris",2
"726","Overdose",1
"727","subeer haldar",1
"728","Montgomery",1
"729","Maasha",1
"730","Moncef Ben",1
"731","Bill E",1
"732","Chai",1
"733","Ron",1
"734","Aram Hăvărneanu",5
"735","HizzGom",1
"736","rabbid",1
"737","Isaac Higgins",1
"738","nute",1
"739","Bunsen Burner",2
"740","Mark Saluta",2
"741","Xiao",1
"742","dodland",1
"743","Slong",1
"744","Stefan",1
"745","Manoj",1
"746","Janice Butler",1
"747","Patrick B.",1
"748","TheUnriashol",1
"749","user3755632",4
"750","GMC",1
"751","Steven",1
"752","Ali Sanaei",1
"753","Ashok Gupta",1
"754","Bobbie J",1
"755","Satyabrat Mahali",1
"756","bryn",1
"757","Andrei Rinea",3
"758","Brendan Burkett",2
"759","dialex",4
"760","Jay",1
"761","Tim Post",1
"762","Aquarius_Girl",8
"763","Simon Hughes",1
"764","Rasto",1
"765","Lucas Davenport",1
"766","Daniel",1
"767","Sujit",1
"768","Kelly",1
"769","Catherine Bergeron",1
"770","Nimonika",1
"771","Shakthi Kannan",1
"772","mabbas",1
"773","Ronan123",1
"774","Anish Patel",1
"775","Ekdeep Singh Lubana",1
"776","AmateurArt",1
"777","Graham Ashford",1
"778","Mike Willis",1
"779","user2060451",1
"780","Dit Ched",1
"781","sanjihan",2
"782","Chandler",2
"783","Jperkins",1
"784","laughs",2
"785","user54121",1
"786","premiumdrinkingrainwater",1
"787","Kevin D",1
"788","ANDREA",1
"789","Mishuri",1
"790","jss367",2
"791","salim",1
"792","Dogweather",1
"793","Lord Loh.",1
"794","Anonymous",1
"795","Vikas Kumar",1
"796","NikonKoala",1
"797","Swapna",1
"798","Phillip Money",1
"799","Da Monster",2
"800","John",1
"801","jonie403",1
"802","stephen thorpe",1
"803","CptEric",1
"804","Jeanna Wardell",1
"805","fffred",1
"806","Bob Morris",1
"807","Vattic John",1
"808","DGAP18",1
"809","Leif",1
"810","Shashi",1
"811","Jodi",1
"812","Pranjuo",1
"813","Clickety Ricket",1
"814","Carlos Campderrós",1
"815","AtulBhatS",1
"816","kabir",4
"817","crishu",1
"818","Omid",1
"819","vigneshke",1
"820","Suthan Bala",1
"821","Broken Link",1
"822","Randeep",1
"823","Code Poet",1
"824","Fahhad Mustafa",1
"825","Frank",1
"826","FranklinMarquette",1
"827","Gaby E",1
"828","Alexus",2
"829","user57036",1
"830","Biswadip Dey",1
"831","squircle",1
"832","5Angels",1
"833","Russ Starr",1
"834","Saleem Farhan",2
"835","Joe",2
"836","Laleng Zuala",1
"837","karthikeyan",2
"838","Cisco1991",1
"839","Geodaley",1
"840","Beginner",1
"841","Obaid",1
"842","jpittis",1
"843","Steve",1
"844","anonymous2",1
"845","user182751",1
"846","Tetsujin",4
"847","Taty",1
"848","rackandboneman",1
"849","Kalamalka Kid",1
"850","Eric",1
"851","user2478881",1
"852","Slavi",1
"853","smow",1
"854","eyebidder",1
"855","Stefano Borini",1
"856","Alvin Shang",1
"857","beginner",1
"858","Khom Nazid",1
"859","lee",1
"860","Kais",1
"861","Hasky W",1
"862","user55789",2
"863","Nonnapaula",1
"864","ninnypants",1
"865","Atul Agarawal",6
"866","Bob Waite",1
"867","pmaroun",1
"868","L.Halfpenny",6
"869","tofukick",1
"870","Thilanka De Silva",2
"871","Devin Cranford",1
"872","NoahL",3
"873","marc esher",1
"874","Gokul P P",2
"875","Gopinath",1
"876","Sandra",1
"877","lijat",1
"878","Fisher Dill",1
"879","HMS",1
"880","Davey_31",2
"881","eddi tormena",1
"882","pooza",1
"883","ydoaPs",1
"884","wildlifephotog",1
"885","Thanh",2
"886","Abhay Kumar",1
"887","ArranDCB",1
"888","Jeremy Huddleston Sequoia",1
"889","Rony Lakiss",1
"890","Tom H.",1
"891","pb_ng",1
"892","stijndg",1
"893","Jean",1
"894","Shiela Mae Bautista",1
"895","Tarik El Hezzam",1
"896","spong",2
"897","nikola",1
"898","Chris Zog",2
"899","Jimbo Busse",1
"900","Dave",1
"901","Pablo",7
"902","user7783780",1
"903","Jon",1
"904","Antonio",1
"905","user61169",1
"906","pitosalas",1
"907","JoD",1
"908","Anddy",1
"909","Amy Lou",1
"910","Mohit",1
"911","Saif",1
"912","Abdel Hakim",1
"913","patel",1
"914","Michael Van Brunt",1
"915","Taylor",1
"916","Amal Prasad",1
"917","Zangar",4
"918","Akash Shrestha",1
"919","Anthony C",1
"920","Alexandre Rodrigues",1
"921","lm01",1
"922","Ian",1
"923","Canon Gangsta",1
"924","Saurabh",1
"925","Andrei",2
"926","Shackman",1
"927","that_raspberry_pi_guy",1
"928","0xdead10cc",1
"929","RetroBanks ",1
"930","user90041",1
"931","Russell McMahon",4
"932","Dinesh Mailapur",1
"933","Keesha",1
"934","Danny",1
"935","Krystal",1
"936","AshleyNichole93",2
"937","CC Student",1
"938","Siyfion",1
"939","Parthan P Vasu",1
"940","itonia.x.i",1
"941","TKF",1
"942","woliveirajr",1
"943","C Hall",1
"944","John Blomberg",1
"945","Viswanathan Iyer",1
"946","Alexander von Wernherr",1
"947","SuperUberDuper",1
"948","schnipdip",2
"949","MarkS",1
"950","bino1121",1
"951","Fed",1
"952","Jarrod268",1
"953","Al C",1
"954","Luka Matković",1
"955","Danilo Setton",1
"956","Michelle F",1
"957","Meeesh",1
"958","Leroy",1
"959","Juan Miguel",1
"960","Thomas Owens",1
"961","Daniel",1
"962","Grzenio",2
"963","peterg22",1
"964","denislexic",3
"965","photo101",2
"966","Ivan",2
"967","Dan",1
"968","Renee Grimes",1
"969","PhotoNovice17",1
"970","Vamsi",1
"971","destination_skyline",1
"972","Stu Bardach",1
"973","Mohammad Alshakhas",1
"974","Jarred Barber",1
"975","MrUpsidown",1
"976","moon shah",1
"977","Abhishek",1
"978","Chris",1
"979","Sonic Soul",9
"980","A. Wali",1
"981","Tim B",1
"982","Edward",1
"983","Dean C",1
"984","HappyGilmour",1
"985","Bart Felten",1
"986","Mr Man",1
"987","farmer marx",1
"988","Matt",1
"989","Calyth",1
"990","user2504955",1
"991","Orkun Okur",1
"992","caseyvb",1
"993","DHall",1
"994","Tom Houston",1
"995","trinity420",1
"996","The_Tams",1
"997","JWatts85",1
"998","Shreyas",1
"999","Roxy",1
"1000","Mitko Nikov",1
"1001","Brittany",1
"1002","Homeless",1
"1003","Geek",1
"1004","Pharetra",1
"1005","Ruslan",2
"1006","Amit Aalok ",1
"1007","anon",2
"1008","Roger Banks",1
"1009","Strange Photon",1
"1010","blasteralfred Ψ",4
"1011","Can Inellioglu",1
"1012","jfklein13",2
"1013","Doug Kaye",1
"1014","Dheer",1
"1015","Behrooz",1
"1016","user2812466",1
"1017","Ivan Djukić",1
"1018","Noelle Hotaling",1
"1019","Lemalie Photography",1
"1020","Jordan Davis",1
"1021","cw84",1
"1022","iOSGeek",1
"1023","Federico Corazza",1
"1024","Nick",1
"1025","Aritra Banerjee",1
"1026","Michelle Kempis",1
"1027","Brendan",1
"1028","d4rk s1gm",1
"1029","Moko W",1
"1030","okutane",2
"1031","RedFilter",1
"1032","Darrell Peart",1
"1033","SlackOverflow",1
"1034","Rachel Konsella",1
"1035","tryan",1
"1036","Jane Panda",1
"1037","Claire",1
"1038","Spencer Jung",1
"1039","Murania",1
"1040","Jorn",1
"1041","Parth",1
"1042","Sarah Haren",1
"1043","benichka",1
"1044","David Williams",1
"1045","Juan1point8",1
"1046","RBPerry",1
"1047","user70730",1
"1048","Adrian",1
"1049","user221573",1
"1050","Denitsa ",1
"1051","randomphotog",2
"1052","Lynn H",1
"1053","Jesse Carpenter",1
"1054","skm",6
"1055","Ganesh Shettyghar",1
"1056","craig clark",1
"1057","Lexie",1
"1058","user71128",1
"1059","N. Rufes",1
"1060","doobmoontoop",1
"1061","Daniel  Hursan",1
"1062","Jols",1
"1063","witchmom",1
"1064","Nucklear",1
"1065","Regina Caviness",1
"1066","Mike",1
"1067","Taylor Wilson",1
"1068","GeeGee",1
"1069","JIV",1
"1070","SNW",1
"1071","Cozanu Florin",1
"1072","Bava",1
"1073","Gabriele Cirulli",1
"1074","Anasuya Dowarah",2
"1075","dlanod",1
"1076","AA Mon",1
"1077","Jeff",1
"1078","Sayan Bera",1
"1079","BigBoozer",1
"1080","Dexter Morgan",1
"1081","beardeddragon",1
"1082","laukok",1
"1083","Ranjan",1
"1084","kevin",1
"1085","Micah",1
"1086","user72708",1
"1087","Light_B",1
"1088","enzotib",1
"1089","wair92",1
"1090","Tom O'Connor",1
"1091","Maxim Zaslavsky",1
"1092","user74045",1
"1093","STAIN",1
"1094","johnkent",1
"1095","Douglas Spaulding",1
"1096","mare",2
"1097","Hamza",1
"1098","Nicola Sap",1
"1099","L84",7
"1100","Hydroxing",1
"1101","Ashish Balapure",1
"1102","De Brun",1
"1103","Chris",1
"1104","andrew hardy",1
"1105","code_onkel",1
"1106","Rankeya",1
"1107","ITWorker",1
"1108","Ron T",1
"1109","Lori Kristine Schenk",1
"1110","JOHN BOY M",1
"1111","Sachin Sajikumar",1
"1112","Valya",1
"1113","Terry",1
"1114","dan amis",1
"1115","nicolene",1
"1116","neversaint",2
"1117","Karel",1
"1118","John George",1
"1119","Berley Lewis",1
"1120","Tripp Kinetics",1
"1121","Ted Cousins",1
"1122","Nagaraj",1
"1123","N fuller",1
"1124","DustyWall",1
"1125","TheLietuvis",1
"1126","M Hawker",1
"1127","Wilfred Hughes",1
"1128","lcjury",1
"1129","jp89",1
"1130","Bharath",1
"1131","sarego",2
"1132","byron",1
"1133","Kiro",1
"1134","M. Obrcian",2
"1135","Mlabuit",1
"1136","Tommy",1
"1137","kedomonzter",1
"1138","Sumit Gupta",2
"1139","Mack",1
"1140","Chris",1
"1141","Mardy Cowan",1
"1142","Jamil Hossain",1
"1143","HW Li",1
"1144","Tom",1
"1145","majesticoj",1
"1146","TK Cheah",2
"1147","Ares",4
"1148","Larissa Marcondes",1
"1149","Jenna Lawrence",1
"1150","mikey",1
"1151","Tul Purja",1
"1152","11thZone",1
"1153","Ryan Haber",1
"1154","user77380",1
"1155","Theresa",1
"1156","Aphillippe",1
"1157","user77506",1
"1158","Natasha Walker",1
"1159","James",1
"1160","Synxmax",1
"1161","LuZel",1
"1162","Catwoman3",1
"1163","Francesco",1
"1164","CeeDee",1
"1165","Grant",1
"1166","MadPhysicist",1
"1167","Richard Keller",1
"1168","Melissa",1
"1169","Ariel",1
"1170","Potato",1
"1171","Lekmek51",1
"1172","Sanal",1
"1173","Edgar coronado",1
"1174","Samia Afzal",1
"1175","DragoonHP",1
"1176","Naquib Alam",1
"1177","Ivan",1
"1178","Flo",1
"1179","roger",1
"1180","D. Putro",1
"1181","Angad Monga",1
"1182","thomas pacheco",1
"1183","Olga Ptashnyuk",1
"1184","Keudn",1
"1185","Katie",1
"1186","Murray King",1
"1187","MJ Gilson",1
"1188","Connor",1
"1189","Syn",1
"1190","Tomi",1
"1191","Ashlyn",1
"1192","ArimaFaign",1
"1193","Enrique Rivera",1
"1194","Kirk",1
"1195","AliYaser72",1
"1196","Fardan Hasan",3
"1197","Ananthu",1
"1198","Wayne Werner",1
"1199","Caylyne Marvidikis",1
"1200","Cat",1
"1201","clabacchio",1
"1202","Piyush Kansal",1
"1203","bfred.it",1
"1204","Ben Carey",2
"1205","Chris Reed",1
"1206","user81062",1
"1207","Саша Черных",1
"1208","Roberto Maldonado",1
"1209","Pauline",1
"1210","Arvind",1
"1211","Balaji Pooruli",1
"1212","Peter McWhirter",1
"1213","Drew",1
"1214","Annie",1
"1215","Trekkie",1
"1216","Liz Anne",1
"1217","Sandeep Singh Rawat",1
"1218","Konnor Nye",1
"1219","Christopher Robles",1
"1220","user12493",1
"1221","Brian D",1
"1222","Nikolas Sapountzakis",1
"1223","Bhanwar",1
"1224","David Rai",1
"1225","Nancy Jackson",1
"1226","Jeff",1
"1227","PhotoArt360",1
"1228","A.D.",1
"1229","Rebecca Jones",1
"1230","jbranchaud",1
"1231","Edson Andrade",1
"1232","msumaithri",1
"1233","ChamingaD",5
"1234","Friend of Kim",4
"1235","the_midget_17",1
"1236","edjones_NM",1
"1237","ruinernix",1
"1238","Dan Wolfgang",1
"1239","Lisa",1
"1240","Phyllis",1
"1241","Chris Drumgoole",1
"1242","Jim",1
"1243","Joan Pham",1
"1244","Pat Farrell",1
"1245","IconicPhotos.co.uk",1
"1246","Tony Evans",1
"1247","ilani Esterhuizen",1
"1248","Kjartan Þór Kjartansson",1
"1249","OrangePeko",1
"1250","Paolo",2
"1251","BokehMan",1
"1252","ahockley",2
"1253","Parampreet Dhatt",2
"1254","Joseph",1
"1255","Silvaren",1
"1256","Thomas Dekiere",1
"1257","Jamie Hutber",2
"1258","Raama",1
"1259","Teja Kantamneni",1
"1260","sasha",1
"1261","David",1
"1262","Mukesh Yadav",1
"1263","Paolo Bergantino",1
"1264","Taylor Huston",8
"1265","Parag Meshram",2
"1266","Holian",1
"1267","Petr Újezdský",3
"1268","Gaurav Agrawal",1
"1269","Josh Goldshlag",1
"1270","Jeff Lange",1
"1271","Sue",1
"1272","yura",2
"1273","Tim",2
"1274","antonpug",2
"1275","Skippy Fastol",1
"1276","wjdp",1
"1277","Linda Matteson-Reynolds",1
"1278","Allan Kimmer Jensen",2
"1279","GR7",1
"1280","Jake M",1
"1281","IMB",1
"1282","enthdegree",1
"1283","Rene",1
"1284","David",1
"1285","rfgon",1
"1286","paradroid",1
"1287","zacharmarz",2
"1288","Digital Lightcraft",3
