"","TagName","Count"
"1","canon",2144
"2","depth-of-field",278
"3","technique",298
"4","photoshop",702
"5","travel",144
"6","lighting",634
"7","flash",911
"8","workflow",171
"9","tips",48
"10","noise",165
"11","micro-four-thirds",105
"12","slr",88
"13","dslr",777
"14","sensor",403
"15","cleaning",157
"16","lightroom",1058
"17","raw",684
"18","jpeg",250
"19","tutorial",28
"20","inspiration",20
"21","lens",2580
"22","marketing",13
"23","tripod",235
"24","focus",468
"25","nikon",1674
"26","aperture",535
"27","focal-length",403
"28","back-focus",22
"29","filters",448
"30","uv",42
"31","composition",198
"32","slides",45
"33","dng",63
"34","iso",262
"35","wavelength",5
"36","chromatic-aberration",54
"37","zoom",294
"38","negative-scanner",30
"39","film",656
"40","flickr",44
"41","lee",14
"42","blog",9
"43","adapter",79
"44","concert",28
"45","tagging",44
"46","hdr",207
"47","prime",143
"48","macro",452
"49","crop-factor",87
"50","point-and-shoot",185
"51","field-of-view",124
"52","pixels",35
"53","digital-vs-film",67
"54","web",105
"55","lens-flare",66
"56","sunlight",58
"57","outdoor",57
"58","camera-bag",61
"59","storage",110
"60","android",56
"61","scanner",32
"62","video",161
"63","panorama",177
"64","photo-editing",566
"65","sigma",170
"66","display",68
"67","presets",38
"68","display-calibration",103
"69","colorimeter",7
"70","post-processing",755
"71","fair-use",8
"72","copyright",126
"73","software",581
"74","legal",173
"75","dust",58
"76","metering",156
"77","sunrise",25
"78","sunset",28
"79","printed-album",8
"80","backup",70
"81","prints",144
"82","photo-galleries",16
"83","monitors",66
"84","neutral-density",103
"85","color-management",312
"86","linux",74
"87","photo-management",69
"88","umbrella",24
"89","lighting-modifiers",51
"90","write-speed",16
"91","wide-angle",154
"92","ultra-wide",55
"93","strobist",22
"94","shutter-speed",258
"95","autofocus",618
"96","facebook",30
"97","low-light",252
"98","workshops",3
"99","white-balance",289
"100","image-processing",188
"101","street-photography",73
"102","stock-photography",43
"103","sharing",33
"104","metadata",430
"105","bokeh",119
"106","telephoto",182
"107","teleconverter",97
"108","histogram",41
"109","tonal-range",4
"110","tonal-distribution",2
"111","wildlife",71
"112","fun",2
"113","ppi",18
"114","diy",143
"115","moon",65
"116","exposure",684
"117","viewfinder",156
"118","optical-quality",22
"119","coolpix",28
"120","aberration",18
"121","optics",302
"122","noise-removal",15
"123","manual-focus",206
"124","lens-mount",219
"125","extension-tubes",66
"126","accessories",77
"127","tamron",102
"128","landscape",225
"129","keyboard-shortcuts",21
"130","gimp",96
"131","second-curtain",21
"132","professional",51
"133","amateur",36
"134","color-filters",45
"135","books",53
"136","shutter",173
"137","f-stop",74
"138","color-correction",139
"139","gray-card",35
"140","people",26
"141","digital",413
"142","tethering",114
"143","portrait",455
"144","windows",85
"145","education",11
"146","cinema",9
"147","polarizer",111
"148","image-stabilization",149
"149","aerial-photography",29
"150","scanning",117
"151","sports",99
"152","wide-aperture",21
"153","locations",25
"154","terminology",373
"155","timelapse",195
"156","macintosh",73
"157","repair",241
"158","style",38
"159","photoshop-elements",39
"160","learning",90
"161","studio-setup",59
"162","equipment-recommendation",1364
"163","memory-card",156
"164","tripod-heads",71
"165","disability",5
"166","brightness",53
"167","aspect-ratio",58
"168","iphoto",29
"169","iphone",120
"170","body",124
"171","sync-speed",35
"172","softbox",44
"173","cropped-sensor",109
"174","full-frame",118
"175","zone-system",7
"176","noise-reduction",82
"177","old-lenses",167
"178","infrared",69
"179","manual-mode",117
"180","fill-flash",22
"181","light",197
"182","bibble",5
"183","project",11
"184","shooting-mode",22
"185","negative-film",53
"186","picasa",49
"187","film-grain",8
"188","artistic",12
"189","photographer",35
"190","lens-hood",51
"191","posing",39
"192","strobes",58
"193","triggers",34
"194","dynamic-range",138
"195","used-equipment",57
"196","35mm",149
"197","developing",152
"198","digitizing",28
"199","tilt-shift",55
"200","cross-processing",8
"201","astrophotography",287
"202","ipad",27
"203","weather",64
"204","apple-aperture",124
"205","nature",28
"206","continuous-autofocus",24
"207","gps",57
"208","thumbnail-preview",7
"209","windows-7",22
"210","tiff",48
"211","unsharp-mask",6
"212","alt-process",21
"213","long-exposure",265
"214","maintenance",56
"215","rangefinder",37
"216","sharpness",204
"217","image-quality",374
"218","underwater",29
"219","sun",56
"220","golden-hour",7
"221","high-key",12
"222","teaching",8
"223","mirror-lockup",15
"224","printing",375
"225","renting",17
"226","ink-jet",30
"227","dpi",46
"228","camera-shake",33
"229","firmware",49
"230","black-and-white",155
"231","darkness",36
"232","sony",260
"233","fisheye",67
"234","studio",74
"235","studio-lighting",177
"236","background",89
"237","wireless-triggers",126
"238","printer",46
"239","canon-7d",98
"240","canon-g11",4
"241","memory-card-size",9
"242","risk",2
"243","brushes",7
"244","adr",3
"245","d-lighting",5
"246","dead-pixel",10
"247","framing",17
"248","usb",54
"249","card-reader",8
"250","intervalometer",52
"251","iso-noise",71
"252","pentax",156
"253","water",34
"254","model-releases",35
"255","camera-basics",176
"256","theory",19
"257","shooting-technique",147
"258","firmware-hacks",23
"259","pricing",97
"260","business",104
"261","canon-550d",149
"262","art",43
"263","equipment-protection",178
"264","wireless",48
"265","remote",130
"266","shutter-release",88
"267","optical-viewfinder",20
"268","canon-450d",42
"269","ball-head",17
"270","clubs",5
"271","models",37
"272","transport",17
"273","perspective",78
"274","compatibility",86
"275","picture-samples",14
"276","hobbyist",4
"277","large-format",55
"278","canon-ixus",4
"279","sdhc",34
"280","ghosting",24
"281","manual-flash",42
"282","off-camera-flash",262
"283","photojournalism",18
"284","time",34
"285","batch",95
"286","panasonic",61
"287","paper",49
"288","dvd",5
"289","photo-critique",17
"290","thumbnails",11
"291","scanning-service",6
"292","service-recommendation",44
"293","ring-flash",17
"294","nikon-d90",95
"295","photo-shoot",8
"296","monopod",20
"297","cheap",15
"298","permission",14
"299","light-box",8
"300","canvas",18
"301","xmp",30
"302","leica",25
"303","zeiss",30
"304","lens-design",223
"305","focusing-screen",44
"306","gels",25
"307","digital-iso",12
"308","nikon-d7000",153
"309","battery",188
"310","powershot",53
"311","medium-format",74
"312","mraw",3
"313","sraw",4
"314","spyder3",7
"315","wedding",100
"316","spots",26
"317","canon-5d",21
"318","file",21
"319","presentation",34
"320","movie",8
"321","reflection",60
"322","color",376
"323","preview",35
"324","ebay",6
"325","canon-60d",97
"326","hd-video",30
"327","low-budget",26
"328","shutter-actuations",52
"329","canon-5d-mark-ii",89
"330","upgrade",47
"331","error",86
"332","third-party",32
"333","wide-gamut",12
"334","internet",10
"335","levels",15
"336","curves",16
"337","texture",17
"338","plugin",22
"339","lcd",52
"340","resolution",239
"341","photoshop-cs5",27
"342","nikon-d40",29
"343","backlight",16
"344","chdk",16
"345","canon-50d",23
"346","canon-1000d",17
"347","canon-400d",14
"348","nikon-d3000",17
"349","nikon-d3100",107
"350","nikon-d80",19
"351","nikon-d50",5
"352","nikon-d5000",31
"353","nikon-d300",14
"354","fluorescent",19
"355","aurora-borealis",17
"356","film-scanner",22
"357","canon-500d",26
"358","charger",38
"359","canon-350d",19
"360","lightroom-3",58
"361","50mm",88
"362","fireworks",15
"363","smart-collections",24
"364","sensor-size",150
"365","search",21
"366","date",26
"367","fast-lenses",26
"368","gray-market",2
"369","haze",21
"370","panasonic-lumix",72
"371","children",36
"372","product-photography",206
"373","exposure-compensation",61
"374","cameraphones",87
"375","cropping",98
"376","generic-brand",11
"377","color-spaces",102
"378","rgb",22
"379","cmyk",14
"380","keywords",41
"381","gifts",7
"382","polaroid",40
"383","camera-controls",97
"384","ufraw",12
"385","watermark",34
"386","3d",41
"387","blur",148
"388","lensbaby",8
"389","110",3
"390","self-portrait",32
"391","minolta",54
"392","statistics",4
"393","photography-basics",166
"394","open-source",40
"395","masks",8
"396","licensing",47
"397","public-domain",3
"398","snow",20
"399","dx",31
"400","computer-hardware",30
"401","performance",39
"402","canon-40d",11
"403","vignetting",46
"404","rotation",35
"405","motivation",3
"406","geotagging",63
"407","sky",43
"408","contrast",59
"409","adobe",51
"410","eclipse",25
"411","negative",34
"412","glass",38
"413","philosophy",11
"414","lights",13
"415","cls",14
"416","data-corruption",71
"417","baby-photos",19
"418","import",44
"419","duplicates",12
"420","hugin",39
"421","lighting-basics",31
"422","artwork",32
"423","glare",27
"424","diopter",13
"425","panning",17
"426","cmos-image-sensor",42
"427","rolling-shutter",17
"428","roadtrip",3
"429","creative-commons",10
"430","troubleshooting",523
"431","lightroom-2",2
"432","soft-focus",8
"433","lightroom-catalog",54
"434","school",8
"435","history",79
"436","event",31
"437","automation",42
"438","filenames",46
"439","kit-lens",111
"440","selling",64
"441","canon-30d",5
"442","photobooks",15
"443","publishing",30
"444","compactflash",25
"445","normal",13
"446","fashion",37
"447","high-speed",26
"448","gamma",12
"449","rescaling",54
"450","distortion",104
"451","features",30
"452","human-vision-system",55
"453","sdxc",9
"454","specification",23
"455","competitions",8
"456","power-supply",29
"457","archive",20
"458","portfolio",25
"459","photo-viewer",15
"460","real-estate",27
"461","delete",15
"462","k-mount",8
"463","motion-blur",64
"464","ycbcr",5
"465","stop-motion",14
"466","ansel-adams",4
"467","file-format",91
"468","pets",7
"469","sb-600",8
"470","grid",9
"471","multiple-exposure",36
"472","aps-c",55
"473","technology-generations",42
"474","vibrance",6
"475","saturation",34
"476","chroma-key",13
"477","sharpening",51
"478","freelensing",6
"479","hot-pixels",23
"480","artifacts",189
"481","ethics",15
"482","curation",13
"483","ttl",70
"484","cables",14
"485","lomo",15
"486","quick-release",16
"487","bracketing",86
"488","judging",4
"489","megapixels",77
"490","contracts",26
"491","image-compression",72
"492","focus-adjust",21
"493","front-focus",11
"494","fine-art",17
"495","creative-process",10
"496","hotshoe-flash",205
"497","aperture-priority",47
"498","architecture",30
"499","indoor",57
"500","science",25
"501","electronics",14
"502","insurance",8
"503","computerless",2
"504","highlights",37
"505","srgb",42
"506","bit-depth",34
"507","mtf",13
"508","photolabs",30
"509","file-recovery",34
"510","sdcard",128
"511","bicycling",5
"512","environmental-dangers",32
"513","perception",10
"514","canon-600d",115
"515","smoke",5
"516","file-management",160
"517","security",19
"518","collage",14
"519","montage",3
"520","sld",5
"521","tests",16
"522","canon-s90",5
"523","property-release",7
"524","live-view",112
"525","skylight",3
"526","group-photos",32
"527","starbursts",7
"528","canon-sx30",2
"529","lightning",10
"530","foveon",7
"531","color-red",16
"532","still-life",23
"533","color-blue",20
"534","hoya",7
"535","animals",11
"536","reverse-mount",31
"537","canon-300d",4
"538","food-photography",34
"539","jewelry",13
"540","diffraction",17
"541","bryan-peterson",6
"542","infrared-conversion",17
"543","thom-hogan",2
"544","lo-fi",8
"545","condensation",14
"546","superzoom",63
"547","keeping-quiet",5
"548","overexposure",63
"549","pinhole-cameras",29
"550","reviews",19
"551","magnification",40
"552","camera-systems",7
"553","exposure-correction",22
"554","popup-flash",65
"555","composition-basics",27
"556","wireless-flash",123
"557","file-size",53
"558","cityscape",27
"559","png",19
"560","image-manipulation",83
"561","gopro",49
"562","extreme-sports",5
"563","continuous-drive",23
"564","burst-mode",37
"565","layers",36
"566","konica",5
"567","viewpoint",3
"568","spot-metering",15
"569","mountain",8
"570","tripod-socket",20
"571","camera-straps",32
"572","portable",9
"573","limited-space",4
"574","weight",19
"575","adobe-camera-raw",76
"576","olympus",147
"577","ruggedized-equipment",2
"578","rear-lcd",46
"579","digital-zoom",5
"580","camera-design",61
"581","motion",16
"582","heat",11
"583","shutter-priority",24
"584","focus-point-selection",57
"585","equipment-damage",191
"586","online-shopping",18
"587","mirror",38
"588","cfcard",23
"589","nikon-d300s",4
"590","subject-distance",52
"591","high-iso",46
"592","handling",10
"593","nikon-d700",18
"594","adobe-rgb",20
"595","eos-utility",21
"596","airshows",4
"597","airplanes",8
"598","action",29
"599","fujifilm",147
"600","auto-alignment",14
"601","camera-recommendation",154
"602","color-black",16
"603","course",6
"604","lens-cap",13
"605","cars",11
"606","subject-isolation",4
"607","birds",31
"608","selective-color",14
"609","tint",7
"610","biermann-weber",3
"611","archival",19
"612","light-field",7
"613","computational-photography",10
"614","nude-photography",12
"615","filter-stacking",15
"616","lenticular-printing",3
"617","four-thirds",16
"618","image-review",28
"619","digital-preservation",9
"620","lens-adapter",194
"621","rain",16
"622","lens-recommendation",92
"623","compact-cameras",91
"624","canada",4
"625","old-cameras",48
"626","united-states",3
"627","tokina",22
"628","camera-settings",297
"629","print-preservation",24
"630","reverse-engineering",139
"631","exiftool",71
"632","continuous-lighting",17
"633","safety",25
"634","promotion",7
"635","shadows",47
"636","image-stitching",31
"637","file-transfer",76
"638","slt",14
"639","giclee",3
"640","fungus",26
"641","battery-grip",34
"642","sand",5
"643","equipment-storage",12
"644","processing",20
"645","webcam",24
"646","autumn",3
"647","clouds",8
"648","focus-stacking",26
"649","auto-iso",24
"650","nikon-d5100",141
"651","pocket-wizard",16
"652","focus-assist",17
"653","cold",25
"654","lens-correction",43
"655","privacy",15
"656","boat-cruise",5
"657","attribution",8
"658","apple",28
"659","kodak",33
"660","mirrorless",128
"661","adobe-bridge",16
"662","tone-mapping",14
"663","sidecar",9
"664","instant-camera",18
"665","backdrops",29
"666","program-mode",16
"667","fixer",6
"668","flash-bracket",5
"669","framerate",17
"670","microscopy",21
"671","commercial-photography",17
"672","sb-700",12
"673","guide-number",12
"674","580exii",4
"675","trend",5
"676","wind",6
"677","programming",16
"678","eye-damage",3
"679","physics",22
"680","pixel-density",13
"681","canon-1d-x",13
"682","af-s",13
"683","subject-positioning",6
"684","commander-mode",7
"685","filter-diameter",34
"686","eyes",23
"687","metz",10
"688","sound",31
"689","laptop",11
"690","build-quality",11
"691","document-reproduction",18
"692","interior",14
"693","nikon-v1",5
"694","united-kingdom",6
"695","darkroom",58
"696","chemicals",23
"697","color-violet",3
"698","humidity",15
"699","visualization",3
"700","macro-lenses",88
"701","ken-rockwell",5
"702","micro-stock",5
"703","market-segments",10
"704","effect",170
"705","manfrotto",12
"706","slideshow",13
"707","bridge-camera",34
"708","sony-nex",80
"709","ettr",9
"710","image-alignment",26
"711","camera-types",7
"712","hand-held",12
"713","scene-modes",8
"714","internal-focus",3
"715","gorillapod",15
"716","tablet",17
"717","distance-markers",3
"718","testing",14
"719","in-camera-processing",17
"720","raw-vs-jpeg",33
"721","raynox",6
"722","macro-converter",34
"723","camera-cases",8
"724","tone-curves",23
"725","lumen",6
"726","cloth",8
"727","file-sharing",6
"728","lightroom-4",102
"729","bulb-ramping",3
"730","scale",6
"731","zenit",2
"732","fog",13
"733","color-fringing",8
"734","magic-lantern",28
"735","aps",5
"736","apps",31
"737","screw-mount",7
"738","viewfinder-indicators",7
"739","photographers-rights",17
"740","europe",3
"741","canvas-prints",11
"742","reproduction",13
"743","lenscoat",2
"744","canon-1100d",22
"745","diffusers",20
"746","500px",9
"747","nikon-d4",4
"748","focus-distance",22
"749","focus-motor",45
"750","hotshoe",35
"751","safari",11
"752","reflectors",11
"753","shaped-bokeh",14
"754","zone-plate",5
"755","color-green",6
"756","interpolation",2
"757","oversample",4
"758","borders",5
"759","warmth",8
"760","halos",16
"761","exposure-fusion",10
"762","mirror-lens",20
"763","dxo-optics",5
"764","anti-aliasing",16
"765","weather-sealing",20
"766","canon-5d-mark-iii",76
"767","semantics",2
"768","restoration",26
"769","storytelling",6
"770","fft",2
"771","image-analysis",9
"772","variable-nd",11
"773","stereoscopy",15
"774","ideas",8
"775","image-plane",10
"776","color-theory",10
"777","rule-of-thirds",12
"778","graduated-filters",12
"779","lens-coatings",13
"780","tone",12
"781","optical-coating",18
"782","lens-construction",16
"783","aperture-blades",6
"784","splash",3
"785","algorithms",21
"786","demosaicing",15
"787","event-photography",29
"788","fujifilm-xpro1",14
"789","bayer",16
"790","photosites",4
"791","infinity-focus",25
"792","canon-ef",25
"793","nik-software",14
"794","tripod-collar",4
"795","zoom-lock",2
"796","rawtherapee",28
"797","darktable",103
"798","monochrome",16
"799","red-eye",13
"800","3rd-party",14
"801","retouching",36
"802","split-tone",8
"803","brenizer-method",5
"804","softness",10
"805","hitech",3
"806","bulb-mode",33
"807","stars",59
"808","canon-650d",36
"809","canon-g1-x",7
"810","superresolution",9
"811","nd-filter",17
"812","banding",13
"813","olympus-omd",29
"814","image-circle",12
"815","evf",13
"816","special-effects",32
"817","canon-dpp",15
"818","yashica",16
"819","dry-box",6
"820","dry-cabinet",6
"821","nikon-d800",23
"822","olympics2012",2
"823","canon-m",19
"824","software-recommendation",78
"825","reverse-geocoding",3
"826","depth-of-focus",6
"827","forensics",17
"828","light-pollution",4
"829","high-altitude",4
"830","color-depth",5
"831","back-illuminated",3
"832","shutter-lag",13
"833","subject-movement",8
"834","nikon-d600",19
"835","manufacture",6
"836","face-detection",25
"837","microfiche",2
"838","imagemagick",13
"839","power",22
"840","nimh",2
"841","dell",5
"842","auto-exposure-lock",9
"843","candlelight",8
"844","vivitar",23
"845","instagram",24
"846","hasselblad",20
"847","reciprocity",5
"848","ricoh",12
"849","moire",20
"850","canon-6d",72
"851","sheet-film",1
"852","seascape",1
"853","canon-mp-e-65mm",5
"854","international-differences",5
"855","cartier-bresson",1
"856","zoom-creep",5
"857","huey",2
"858","macbook",15
"859","laser",9
"860","novoflex",1
"861","mood",9
"862","theater",5
"863","galleries",7
"864","m-mount",3
"865","argus",2
"866","nikon-d7100",31
"867","multi-focal",2
"868","samyang",35
"869","deconvolution",6
"870","pentaprism",4
"871","image-stacking",60
"872","digital-lens-optimizer",1
"873","smartphone",101
"874","ambient-light",5
"875","bait-and-switch-scam",2
"876","nikon-d3200",62
"877","phase-one",3
"878","led-lighting",23
"879","low-key",18
"880","eye-fi",12
"881","bounce-flash",7
"882","high-speed-sync",36
"883","soligor",3
"884","olympus-om1",4
"885","straight-photography",1
"886","natural-lighting",9
"887","praktica",4
"888","nightclubs",11
"889","milky-way",26
"890","nikon-1",13
"891","microsoft-ice",3
"892","canon-700d",42
"893","elinchrom",4
"894","nikon-d70",12
"895","selective-focus",1
"896","circle-of-confusion",7
"897","painting",17
"898","raw-plus-jpeg",7
"899","photo-mechanic",6
"900","yongnuo",183
"901","color-gamut",11
"902","light-painting",8
"903","vintage",67
"904","dandelion-chip",4
"905","headshot",9
"906","effective-aperture",10
"907","trick-photography",7
"908","360-panorama",68
"909","nokia",5
"910","skin-tones",22
"911","shot-to-shot-time",3
"912","color-blindness",3
"913","windows-phone",2
"914","anamorphic",3
"915","marexar",2
"916","serial-number",7
"917","comparison",40
"918","calculations",129
"919","photo-booth",9
"920","stuck-pixel",7
"921","reversed-lens",10
"922","compact",6
"923","careers",4
"924","projector",9
"925","m42",18
"926","lightroom-5",66
"927","glass-plate",4
"928","triggertrap",3
"929","focus-confirmation",9
"930","contax",5
"931","fire",4
"932","disposable-cameras",2
"933","phase-detection",14
"934","contrast-detection",9
"935","rust",2
"936","os-x",23
"937","network",8
"938","mamiya",15
"939","canon-70d",48
"940","wifi",44
"941","metal",8
"942","soft-proofing",16
"943","stroboscopic-flash",4
"944","color-white",15
"945","nikon-d3300",67
"946","on-location",2
"947","microsd",12
"948","fujifilm-x100",19
"949","fujifilm-xe1",3
"950","night",205
"951","samsung",20
"952","focus-point-indicators",9
"953","patents",2
"954","macro-flash",6
"955","hair",3
"956","compositing",8
"957","kirlian-photography",1
"958","prefocus",2
"959","android-app",10
"960","voigtlander",1
"961","support-equipment",20
"962","wifi-sd",10
"963","minimum-focus-distance",10
"964","hyperfocal-distance",21
"965","sony-alpha",66
"966","focus-breathing",8
"967","canon-1v",5
"968","canon-1ds",1
"969","canon-1d-mark-iii",2
"970","canon-1d-mark-ii",3
"971","canon-1ds-mark-ii",3
"972","canon-1d-mark-iv",1
"973","emotion",3
"974","stage-lighting",4
"975","battery-drain",27
"976","film-cameras",12
"977","capture-one",20
"978","repair-parts",10
"979","colorization",2
"980","corel",3
"981","epson",19
"982","sequences",3
"983","pixel-hk",1
"984","nikon-d5300",43
"985","cyanotype",4
"986","electronic-shutter",11
"987","pentax-k1000",8
"988","extraterrestrial-cameras",7
"989","canon-ex430ii",6
"990","changing-lenses",8
"991","object-removal",10
"992","beauty-dish",6
"993","filesystems",3
"994","photoshop-cs6",5
"995","low-iso",2
"996","nikon-d5200",28
"997","lightstands",4
"998","light-meter",32
"999","nissin",5
"1000","pano-projections",15
"1001","bulk-load",3
"1002","sony-a7ii",12
"1003","lightroom-6",37
"1004","frames",18
"1005","colorhug",3
"1006","highlight-recovery",6
"1007","push-processing",6
"1008","phottix",5
"1009","cokin",5
"1010","digikam",12
"1011","selfie-sticks",4
"1012","google",10
"1013","self-timer",18
"1014","volcanos",2
"1015","ilford",13
"1016","lowepro",2
"1017","diaphragm",5
"1018","eyepiece",5
"1019","profoto",6
"1020","light-leaks",18
"1021","social-media",7
"1022","scratches",9
"1023","manufacturing",4
"1024","godox",30
"1025","windows-10",10
"1026","focusing",4
"1027","nikon-d810",10
"1028","fujifilm-xt10",4
"1029","monolights",5
"1030","ef-s",9
"1031","background-removal",4
"1032","enlarging",25
"1033","light-transmission",16
"1034","limited-editions",2
"1035","clothing",8
"1036","cactus",3
"1037","golden-ratio",3
"1038","colorchecker",4
"1039","wide-angle-converter",7
"1040","trap-focus",2
"1041","leaf-shutter",4
"1042","nikon-d750",25
"1043","night-photography",41
"1044","slave-flash",2
"1045","85mm",5
"1046","projection",9
"1047","camera-identification",11
"1048","image-orientation",5
"1049","symbolism",2
"1050","raspberry-pi",4
"1051","flowers",4
"1052","google-cardboard",2
"1053","mechanical-shutter",3
"1054","back-button-autofocus",6
"1055","canon-80d",12
"1056","bellows",16
"1057","old-prints",6
"1058","albums",2
"1059","tethered-shooting",6
"1060","prophoto",3
"1061","modeling-light",3
"1062","make-up",3
"1063","editing",14
"1064","equipment-identification",36
"1065","mobile",13
"1066","sync",7
"1067","hangs",2
"1068","selection",2
"1069","field-curvature",12
"1070","composite",3
"1071","nikon-d5500",12
"1072","affinity-photo",3
"1073","bird-photography",4
"1074","sony-rx100",4
"1075","pixel-size",4
"1076","icc-profile",18
"1077","export",17
"1078","e-mount",3
"1079","external",3
"1080","lab-colorspace",8
"1081","frequency-separation",4
"1082","binoculars",4
"1083","sensitivity",6
"1084","t-mount",3
"1085","digital-asset-management",8
"1086","resize",8
"1087","nikon-df",7
"1088","nikon-d5600",15
"1089","exposure-preview",3
"1090","snapbridge",9
"1091","pentax-k-70",1
"1092","af-p",1
"1093","nikon-d7500",3
"1094","double-exposure",5
"1095","zoom-blur",1
"1096","camera",58
"1097","spectrometer",3
"1098","camera-movement",4
"1099","silhouette",4
"1100","breech-mount",4
"1101","bluetooth",4
"1102","nikon-d3400",15
"1103","contact-printing",2
"1104","dark-frame-subtraction",19
"1105","onion-skinning",5
"1106","twin-lens-reflex",2
"1107","visible-light",2
"1108","software-filters",3
"1109","fujifilm-xt2",1
"1110","fujifilm-instax",3
"1111","heic",3
"1112","lensfun",2
"1113","google-photos",2
"1114","cable-release",2
"1115","stuck-shutter",2
"1116","lytro",2
"1117","eyeglasses",4
"1118","gigapixels",1
"1119","image-enhancement",1
"1120","snapchat",1
"1121","cctv",1
"1122","half-frame",1
"1123","nikon-cx",1
"1124","xqd",1
"1125","nikon-p900",1
"1126","fujifilm-x-t20",1
"1127","nikon-z7",3
"1128","70mm",1
"1129","dof-preview",9
"1130","focal-length-reducer",1
"1131","ccd",3
"1132","cmos",1
"1133","canon-5d-mark-iv",1
"1134","artificial-intelligence",1
"1135","monorail-camera",1
"1136","camera-modification",2
"1137","os",1
"1138","creative-cloud",2
"1139","view-nx-i",1
"1140","untagged",1
"1141","plants",1
